source_id,n,c1_med,c2_med,c1_p16,c1_p84,c2_p16,c2_p84,label
4U1254-690,15,0.6847,0.1046,0.6525,0.703,0.0938,0.115,NS
4U1323-619,15,0.9407,0.3278,0.8976,0.9451,0.3041,0.3447,NS
4U1543-47,15,0.2975,0.2948,0.2297,0.7309,0.2226,0.3386,BH
4U1608-52,15,0.7069,0.1428,0.6558,0.8488,0.0886,0.3296,NS
4U1636-53,15,0.7742,0.2073,0.7218,0.8229,0.1072,0.262,NS
4U1702-429,15,0.7848,0.2118,0.7424,0.8122,0.1071,0.2963,NS
4U1705-44,15,0.6904,0.0872,0.6701,0.8233,0.0839,0.3014,NS
4U1724-307,15,0.8248,0.2886,0.8071,0.8588,0.2296,0.2957,NS
4U1728-34,15,0.8295,0.2375,0.7977,0.8693,0.1234,0.2798,NS
4U1735-44,15,0.8081,0.1191,0.7815,0.8596,0.1105,0.1266,NS
4U1746-371,15,0.7437,0.1114,0.7281,0.777,0.1086,0.1176,NS
4U1820-30,15,0.814,0.1236,0.8071,0.8809,0.1139,0.1857,NS
4U1915-05,6,0.8108,0.249,0.8083,0.871,0.1575,0.2879,NS
AQLX1,15,0.6603,0.2343,0.6094,0.8478,0.0755,0.3485,NS
CYGX2,15,0.612,0.0837,0.5301,0.6714,0.0646,0.1001,NS
EXO0748-676,15,0.9227,0.319,0.8588,1.0099,0.2881,0.3529,NS
GROJ1655-40,15,0.3598,0.1802,0.2898,0.7807,0.0387,0.3365,BH
GRS1915+105,15,0.6368,0.1851,0.5749,0.758,0.0906,0.2647,BH
GS1826-238,15,0.9155,0.3213,0.9015,0.9299,0.3086,0.3271,NS
GX17+2,15,0.7048,0.1067,0.6502,0.7775,0.0952,0.1193,NS
GX3+1,15,0.6513,0.0771,0.6362,0.67,0.0753,0.0847,NS
GX339-4,15,0.8682,0.3514,0.3157,0.9176,0.2549,0.4231,BH
HETEJ1900.1-245,15,0.8179,0.3288,0.7122,0.8317,0.2063,0.3398,NS
KS1731-260,15,0.8809,0.3302,0.8034,0.886,0.3209,0.345,NS
MXB1658-298,15,0.6939,0.1451,0.6446,0.7443,0.1345,0.1608,NS
SAXJ1808.4-3658,15,0.7852,0.3124,0.7748,0.7951,0.2986,0.3238,NS
SLX1735-269,15,0.7883,0.2892,0.7516,0.8238,0.1092,0.3182,NS
XTEJ1118+480,15,0.8798,0.3336,0.8612,0.8946,0.2856,0.3464,BH
XTEJ1550-564,15,0.9503,0.3995,0.8464,0.9814,0.336,0.4229,BH
XTEJ1650-500,15,0.4764,0.3051,0.1805,0.846,0.2506,0.3361,BH
XTEJ1814-338,15,0.8998,0.339,0.8708,0.9167,0.3278,0.3514,NS
1E1740.7-2942,15,0.8015,0.3198,0.7777,0.8858,0.2757,0.342,BH candidate
4U1630-47,15,0.4034,0.1592,0.3729,0.4585,0.1039,0.2889,BH candidate
4U1957+11,15,0.4306,0.107,0.3652,0.4518,0.055,0.1743,BH candidate
GRS1758-258,15,0.8718,0.3673,0.8077,0.9114,0.3111,0.3786,BH candidate
H1743-322,15,0.6377,0.2666,0.4552,0.8602,0.2059,0.3088,BH candidate
IGRJ17091-3624,15,0.5436,0.1304,0.5193,0.6685,0.0972,0.2521,BH candidate
MAXIJ1659-152,15,0.6585,0.2606,0.6061,0.7657,0.2523,0.2796,BH candidate
SLX1746-331,15,0.3646,0.1807,0.2787,0.7029,0.0476,0.3457,BH candidate
SWIFTJ1753.5-0127,15,0.937,0.3533,0.8989,0.9462,0.3321,0.3642,BH candidate
XTEJ1652-453,15,0.5428,0.3164,0.3477,0.7825,0.3009,0.3392,BH candidate
XTEJ1720-318,15,0.2122,0.3281,0.1449,0.8458,0.2717,0.3735,BH candidate
XTEJ1752-223,15,0.8734,0.345,0.4015,0.9843,0.3027,0.3963,BH candidate
XTEJ1817-330,15,0.3108,0.2926,0.1806,0.4715,0.2432,0.4123,BH candidate
XTEJ1908+094,15,0.7997,0.3673,0.7016,0.8472,0.3127,0.4936,BH candidate
