representation,model,n_obs,n_sources,BH_recall,NS_recall,obs_balanced_accuracy,obs_AUC,source_balanced_accuracy,source_AUC,BH_sources_correct,NS_sources_correct,misclassified_sources
A_intensity,LogReg,456,31,0.6666666666666666,0.7806267806267806,0.7236467236467237,0.8374440374440374,0.8660714285714286,0.9464285714285714,6/7,21/24,GS1826-238;KS1731-260;SAXJ1808.4-3658;XTEJ1118+480
A_intensity,RandomForest,456,31,0.3238095238095238,0.8888888888888888,0.6063492063492063,0.7817935151268484,0.6220238095238095,0.8809523809523809,2/7,23/24,4U1543-47;GRS1915+105;GX17+2;GX339-4;XTEJ1118+480;XTEJ1550-564
B_shape,LogReg,456,31,0.6952380952380952,0.8262108262108262,0.7607244607244608,0.8376611043277709,0.7738095238095238,0.875,5/7,20/24,GRS1915+105;HETEJ1900.1-245;KS1731-260;SAXJ1808.4-3658;XTEJ1118+480;XTEJ1814-338
B_shape,RandomForest,456,31,0.580952380952381,0.9401709401709402,0.7605616605616605,0.8242572242572241,0.8571428571428572,0.8928571428571428,5/7,24/24,GRS1915+105;XTEJ1118+480
H_colours,LogReg,456,31,0.7619047619047619,0.7891737891737892,0.7755392755392756,0.8519603852937185,0.7946428571428572,0.9226190476190476,5/7,21/24,GRS1915+105;HETEJ1900.1-245;KS1731-260;SAXJ1808.4-3658;XTEJ1118+480
H_colours,RandomForest,456,31,0.6095238095238096,0.9002849002849003,0.7549043549043549,0.8388414055080722,0.8571428571428572,0.9047619047619047,5/7,24/24,GRS1915+105;XTEJ1118+480
HI_colours_intensity,LogReg,456,31,0.7523809523809524,0.811965811965812,0.7821733821733822,0.8541853208519876,0.7946428571428572,0.9285714285714285,5/7,21/24,GRS1915+105;HETEJ1900.1-245;KS1731-260;SAXJ1808.4-3658;XTEJ1118+480
HI_colours_intensity,RandomForest,456,31,0.6,0.9088319088319088,0.7544159544159543,0.8892958892958893,0.8363095238095238,0.9464285714285714,5/7,23/24,GRS1915+105;XTEJ1118+480;XTEJ1814-338
H_plus_B,LogReg,456,31,0.6952380952380952,0.8205128205128205,0.7578754578754578,0.8310405643738976,0.7738095238095238,0.875,5/7,20/24,GRS1915+105;HETEJ1900.1-245;KS1731-260;SAXJ1808.4-3658;XTEJ1118+480;XTEJ1814-338
H_plus_B,RandomForest,456,31,0.5904761904761905,0.9458689458689459,0.7681725681725682,0.8265092931759599,0.8571428571428572,0.8928571428571428,5/7,24/24,GRS1915+105;XTEJ1118+480
HI_plus_A,LogReg,456,31,0.6761904761904762,0.7777777777777778,0.7269841269841271,0.8287342287342288,0.7946428571428572,0.9226190476190476,5/7,21/24,GRS1915+105;HETEJ1900.1-245;KS1731-260;SAXJ1808.4-3658;XTEJ1118+480
HI_plus_A,RandomForest,456,31,0.5619047619047619,0.8803418803418803,0.7211233211233211,0.8369827703161037,0.6934523809523809,0.9345238095238094,3/7,23/24,4U1543-47;GRS1915+105;GX17+2;XTEJ1118+480;XTEJ1550-564
