comparison,model,metric,point,ci2_5,ci97_5,frac_first_better
B_shape,LogReg,obs_balanced_accuracy,0.7607244607244608,0.5916045991045991,0.9026075605680869,
B_shape,LogReg,source_balanced_accuracy,0.7738095238095238,0.5684523809523809,0.9375,
B_shape,LogReg,source_AUC,0.875,0.690327380952381,1.0,
B_shape,RandomForest,obs_balanced_accuracy,0.7605616605616605,0.6209851953601954,0.877205774853801,
B_shape,RandomForest,source_balanced_accuracy,0.8571428571428572,0.6428571428571428,1.0,
B_shape,RandomForest,source_AUC,0.8928571428571428,0.7321428571428571,1.0,
H_colours,LogReg,obs_balanced_accuracy,0.7755392755392756,0.6332905982905983,0.8926455026455027,
H_colours,LogReg,source_balanced_accuracy,0.7946428571428572,0.5892857142857143,0.9583333333333333,
H_colours,LogReg,source_AUC,0.9226190476190476,0.8035714285714286,0.9940476190476191,
H_colours,RandomForest,obs_balanced_accuracy,0.7549043549043549,0.605590686117002,0.8815750915750915,
H_colours,RandomForest,source_balanced_accuracy,0.8571428571428572,0.6428571428571428,1.0,
H_colours,RandomForest,source_AUC,0.9047619047619047,0.7498511904761905,1.0,
B3_shape_3_25,LogReg,obs_balanced_accuracy,0.774033374033374,0.6053777673350043,0.9160796957671958,
B3_shape_3_25,LogReg,source_balanced_accuracy,0.7946428571428572,0.6011904761904762,0.9583333333333333,
B3_shape_3_25,LogReg,source_AUC,0.8452380952380952,0.6130952380952381,1.0,
B3_shape_3_25,RandomForest,obs_balanced_accuracy,0.7591371591371592,0.6164421805046806,0.8790884038800705,
B3_shape_3_25,RandomForest,source_balanced_accuracy,0.8363095238095238,0.6428571428571428,1.0,
B3_shape_3_25,RandomForest,source_AUC,0.8333333333333334,0.5950892857142858,1.0,
H3_colours_3_25,LogReg,obs_balanced_accuracy,0.7483923483923485,0.5973599329520382,0.8764515455304928,
H3_colours_3_25,LogReg,source_balanced_accuracy,0.7946428571428572,0.5892857142857143,0.9583333333333333,
H3_colours_3_25,LogReg,source_AUC,0.9047619047619048,0.7678571428571429,0.9880952380952381,
H3_colours_3_25,RandomForest,obs_balanced_accuracy,0.7353683353683353,0.586584811387443,0.8708103592314118,
H3_colours_3_25,RandomForest,source_balanced_accuracy,0.7648809523809523,0.5714285714285714,0.9285714285714286,
H3_colours_3_25,RandomForest,source_AUC,0.8511904761904762,0.625,1.0,
H3_plus_B3,LogReg,obs_balanced_accuracy,0.7635734635734636,0.5963377192982455,0.903513431013431,
H3_plus_B3,LogReg,source_balanced_accuracy,0.8154761904761905,0.6190476190476191,0.9791666666666667,
H3_plus_B3,LogReg,source_AUC,0.8392857142857142,0.5952380952380952,1.0,
H3_plus_B3,RandomForest,obs_balanced_accuracy,0.7619861619861621,0.6116884157509158,0.8871825396825396,
H3_plus_B3,RandomForest,source_balanced_accuracy,0.8363095238095238,0.6428571428571428,1.0,
H3_plus_B3,RandomForest,source_AUC,0.8214285714285715,0.5654761904761905,1.0,
B3_shape_3_25 - B_shape,LogReg,obs_balanced_accuracy,0.013308913308913262,-0.010935083435083443,0.03650793650793649,0.866
B3_shape_3_25 - B_shape,LogReg,source_balanced_accuracy,0.02083333333333337,0.0,0.0625,0.6475
B3_shape_3_25 - B_shape,LogReg,source_AUC,-0.029761904761904767,-0.11904761904761907,0.017857142857142905,0.1015
B3_shape_3_25 - B_shape,RandomForest,obs_balanced_accuracy,-0.0014245014245013454,-0.027065527065527117,0.02063988095238107,0.452
B3_shape_3_25 - B_shape,RandomForest,source_balanced_accuracy,-0.02083333333333337,-0.0625,0.0,0.0
B3_shape_3_25 - B_shape,RandomForest,source_AUC,-0.05952380952380942,-0.20238095238095244,0.023809523809523725,0.09
H3_colours_3_25 - H_colours,LogReg,obs_balanced_accuracy,-0.027146927146927124,-0.04761904761904767,-0.007990401115401342,0.004
H3_colours_3_25 - H_colours,LogReg,source_balanced_accuracy,0.0,0.0,0.0,0.0
H3_colours_3_25 - H_colours,LogReg,source_AUC,-0.017857142857142794,-0.07142857142857151,0.0,0.0
H3_colours_3_25 - H_colours,RandomForest,obs_balanced_accuracy,-0.019536019536019578,-0.06627036340852129,0.0199454365079365,0.1925
H3_colours_3_25 - H_colours,RandomForest,source_balanced_accuracy,-0.09226190476190488,-0.23511904761904767,0.0,0.0
H3_colours_3_25 - H_colours,RandomForest,source_AUC,-0.05357142857142849,-0.1607142857142857,0.005952380952380931,0.0285
H3_plus_B3 - H3_colours_3_25,LogReg,obs_balanced_accuracy,0.01518111518111509,-0.042063492063492025,0.07063949938949934,0.6885
H3_plus_B3 - H3_colours_3_25,LogReg,source_balanced_accuracy,0.02083333333333326,0.0,0.0625,0.6475
H3_plus_B3 - H3_colours_3_25,LogReg,source_AUC,-0.06547619047619058,-0.21443452380952382,0.04761904761904767,0.1515
H3_plus_B3 - H3_colours_3_25,RandomForest,obs_balanced_accuracy,0.026617826617826745,-0.012490488608909767,0.07599597953216368,0.8785
H3_plus_B3 - H3_colours_3_25,RandomForest,source_balanced_accuracy,0.07142857142857151,0.0,0.2142857142857143,0.6395
H3_plus_B3 - H3_colours_3_25,RandomForest,source_AUC,-0.029761904761904656,-0.0892857142857143,0.0,0.0
