source_id,true_label,n_obs,obs_accuracy,mean_BH_score,source_pred,source_correct,representation,model
4U1254-690,NS,15,1.0,0.15782672813003226,NS,True,A_intensity,LogReg
4U1323-619,NS,15,1.0,0.20859261290759717,NS,True,A_intensity,LogReg
4U1543-47,BH,15,0.8666666666666667,0.866852166142227,BH,True,A_intensity,LogReg
4U1608-52,NS,15,0.7333333333333333,0.27186176068386353,NS,True,A_intensity,LogReg
4U1636-53,NS,15,0.8666666666666667,0.2521220896476394,NS,True,A_intensity,LogReg
4U1702-429,NS,15,0.7333333333333333,0.27774340223529326,NS,True,A_intensity,LogReg
4U1705-44,NS,15,0.8666666666666667,0.15659767038405567,NS,True,A_intensity,LogReg
4U1724-307,NS,15,1.0,0.3192589904646684,NS,True,A_intensity,LogReg
4U1728-34,NS,15,0.5333333333333333,0.3873851609412314,NS,True,A_intensity,LogReg
4U1735-44,NS,15,1.0,0.028737251495008578,NS,True,A_intensity,LogReg
4U1746-371,NS,15,0.9333333333333333,0.11705474863578627,NS,True,A_intensity,LogReg
4U1820-30,NS,15,0.9333333333333333,0.11104200933382789,NS,True,A_intensity,LogReg
4U1915-05,NS,6,1.0,0.23804513809370528,NS,True,A_intensity,LogReg
AQLX1,NS,15,0.6,0.3728227962339189,NS,True,A_intensity,LogReg
CYGX2,NS,15,1.0,0.08131810481242563,NS,True,A_intensity,LogReg
EXO0748-676,NS,15,1.0,0.2208856531316519,NS,True,A_intensity,LogReg
GROJ1655-40,BH,15,0.6666666666666666,0.6801963071693452,BH,True,A_intensity,LogReg
GRS1915+105,BH,15,0.6666666666666666,0.6235146840622086,BH,True,A_intensity,LogReg
GS1826-238,NS,15,0.26666666666666666,0.5106500296480125,BH,False,A_intensity,LogReg
GX17+2,NS,15,1.0,0.1656139447753268,NS,True,A_intensity,LogReg
GX3+1,NS,15,1.0,0.030815051163521113,NS,True,A_intensity,LogReg
GX339-4,BH,15,0.7333333333333333,0.7031614378431003,BH,True,A_intensity,LogReg
HETEJ1900.1-245,NS,15,0.6,0.47706012495270184,NS,True,A_intensity,LogReg
KS1731-260,NS,15,0.26666666666666666,0.6086097908537041,BH,False,A_intensity,LogReg
MXB1658-298,NS,15,0.8,0.327104498943891,NS,True,A_intensity,LogReg
SAXJ1808.4-3658,NS,15,0.13333333333333333,0.6261984919554026,BH,False,A_intensity,LogReg
SLX1735-269,NS,15,0.7333333333333333,0.36587797692929697,NS,True,A_intensity,LogReg
XTEJ1118+480,BH,15,0.06666666666666667,0.3432681776541052,NS,False,A_intensity,LogReg
XTEJ1550-564,BH,15,0.8,0.6116111857985859,BH,True,A_intensity,LogReg
XTEJ1650-500,BH,15,0.8666666666666667,0.8713338012562996,BH,True,A_intensity,LogReg
XTEJ1814-338,NS,15,0.8666666666666667,0.3396347595078625,NS,True,A_intensity,LogReg
4U1254-690,NS,15,1.0,0.05245875635226963,NS,True,A_intensity,RandomForest
4U1323-619,NS,15,0.8,0.3449465774615957,NS,True,A_intensity,RandomForest
4U1543-47,BH,15,0.2,0.3345015533820154,NS,False,A_intensity,RandomForest
4U1608-52,NS,15,1.0,0.12764598633711904,NS,True,A_intensity,RandomForest
4U1636-53,NS,15,1.0,0.14365478916005925,NS,True,A_intensity,RandomForest
4U1702-429,NS,15,1.0,0.08966032703017922,NS,True,A_intensity,RandomForest
4U1705-44,NS,15,1.0,0.04517767768995023,NS,True,A_intensity,RandomForest
4U1724-307,NS,15,0.9333333333333333,0.23555466366572952,NS,True,A_intensity,RandomForest
4U1728-34,NS,15,0.7333333333333333,0.293321793802641,NS,True,A_intensity,RandomForest
4U1735-44,NS,15,1.0,0.018214759481684727,NS,True,A_intensity,RandomForest
4U1746-371,NS,15,1.0,0.02161626198830625,NS,True,A_intensity,RandomForest
4U1820-30,NS,15,1.0,0.04473001720364159,NS,True,A_intensity,RandomForest
4U1915-05,NS,6,1.0,0.11280463807147943,NS,True,A_intensity,RandomForest
AQLX1,NS,15,0.8666666666666667,0.24744053550841613,NS,True,A_intensity,RandomForest
CYGX2,NS,15,1.0,0.0955578964145865,NS,True,A_intensity,RandomForest
EXO0748-676,NS,15,1.0,0.20173507713784844,NS,True,A_intensity,RandomForest
GROJ1655-40,BH,15,0.5333333333333333,0.5169516599604507,BH,True,A_intensity,RandomForest
GRS1915+105,BH,15,0.26666666666666666,0.44989474938258733,NS,False,A_intensity,RandomForest
GS1826-238,NS,15,0.9333333333333333,0.19412320721552137,NS,True,A_intensity,RandomForest
GX17+2,NS,15,0.4,0.6020018092128525,BH,False,A_intensity,RandomForest
GX3+1,NS,15,1.0,0.042034602771829375,NS,True,A_intensity,RandomForest
GX339-4,BH,15,0.4666666666666667,0.4970283411646318,NS,False,A_intensity,RandomForest
HETEJ1900.1-245,NS,15,0.8666666666666667,0.32703995069921776,NS,True,A_intensity,RandomForest
KS1731-260,NS,15,0.6,0.45116488237974617,NS,True,A_intensity,RandomForest
MXB1658-298,NS,15,0.8666666666666667,0.14598412660066218,NS,True,A_intensity,RandomForest
SAXJ1808.4-3658,NS,15,0.6,0.39727276624667124,NS,True,A_intensity,RandomForest
SLX1735-269,NS,15,1.0,0.170233451654099,NS,True,A_intensity,RandomForest
XTEJ1118+480,BH,15,0.2,0.24023491858724422,NS,False,A_intensity,RandomForest
XTEJ1550-564,BH,15,0.2,0.4379771583511455,NS,False,A_intensity,RandomForest
XTEJ1650-500,BH,15,0.4,0.5153234003105353,BH,True,A_intensity,RandomForest
XTEJ1814-338,NS,15,0.8,0.3471780883889576,NS,True,A_intensity,RandomForest
4U1254-690,NS,15,1.0,0.0573414140573888,NS,True,B_shape,LogReg
4U1323-619,NS,15,0.8,0.40660481585546127,NS,True,B_shape,LogReg
4U1543-47,BH,15,1.0,0.944363158367779,BH,True,B_shape,LogReg
4U1608-52,NS,15,0.8,0.24787528620028548,NS,True,B_shape,LogReg
4U1636-53,NS,15,1.0,0.09329054550420884,NS,True,B_shape,LogReg
4U1702-429,NS,15,1.0,0.16457108248650082,NS,True,B_shape,LogReg
4U1705-44,NS,15,0.9333333333333333,0.12408308001044681,NS,True,B_shape,LogReg
4U1724-307,NS,15,1.0,0.18864017398225283,NS,True,B_shape,LogReg
4U1728-34,NS,15,1.0,0.07482692885723503,NS,True,B_shape,LogReg
4U1735-44,NS,15,1.0,0.0022341135070371733,NS,True,B_shape,LogReg
4U1746-371,NS,15,1.0,0.00982174332885616,NS,True,B_shape,LogReg
4U1820-30,NS,15,1.0,0.008968149272964972,NS,True,B_shape,LogReg
4U1915-05,NS,6,1.0,0.13668976629216792,NS,True,B_shape,LogReg
AQLX1,NS,15,0.6,0.3558554251417651,NS,True,B_shape,LogReg
CYGX2,NS,15,0.5333333333333333,0.4365443227012317,NS,True,B_shape,LogReg
EXO0748-676,NS,15,0.8666666666666667,0.3177469771881842,NS,True,B_shape,LogReg
GROJ1655-40,BH,15,0.9333333333333333,0.9222753944773092,BH,True,B_shape,LogReg
GRS1915+105,BH,15,0.06666666666666667,0.17699178232131269,NS,False,B_shape,LogReg
GS1826-238,NS,15,1.0,0.29670967132935216,NS,True,B_shape,LogReg
GX17+2,NS,15,1.0,0.04321037920428935,NS,True,B_shape,LogReg
GX3+1,NS,15,1.0,0.08127513194257228,NS,True,B_shape,LogReg
GX339-4,BH,15,0.9333333333333333,0.8402379649035081,BH,True,B_shape,LogReg
HETEJ1900.1-245,NS,15,0.2,0.516373467859153,BH,False,B_shape,LogReg
KS1731-260,NS,15,0.5333333333333333,0.5531825103040064,BH,False,B_shape,LogReg
MXB1658-298,NS,15,0.9333333333333333,0.16010855522728035,NS,True,B_shape,LogReg
SAXJ1808.4-3658,NS,15,0.26666666666666666,0.585432149461699,BH,False,B_shape,LogReg
SLX1735-269,NS,15,0.9333333333333333,0.20699094121778133,NS,True,B_shape,LogReg
XTEJ1118+480,BH,15,0.06666666666666667,0.27673538440872253,NS,False,B_shape,LogReg
XTEJ1550-564,BH,15,0.9333333333333333,0.754957452683348,BH,True,B_shape,LogReg
XTEJ1650-500,BH,15,0.9333333333333333,0.819220054943413,BH,True,B_shape,LogReg
XTEJ1814-338,NS,15,0.5333333333333333,0.5110040612991333,BH,False,B_shape,LogReg
4U1254-690,NS,15,1.0,0.017051922972368794,NS,True,B_shape,RandomForest
4U1323-619,NS,15,0.8666666666666667,0.2977049543426057,NS,True,B_shape,RandomForest
4U1543-47,BH,15,0.9333333333333333,0.8846214842966874,BH,True,B_shape,RandomForest
4U1608-52,NS,15,0.9333333333333333,0.14115937216013075,NS,True,B_shape,RandomForest
4U1636-53,NS,15,1.0,0.029763063166214788,NS,True,B_shape,RandomForest
4U1702-429,NS,15,1.0,0.0965666360844802,NS,True,B_shape,RandomForest
4U1705-44,NS,15,1.0,0.02658604960802552,NS,True,B_shape,RandomForest
4U1724-307,NS,15,1.0,0.07126467148463184,NS,True,B_shape,RandomForest
4U1728-34,NS,15,1.0,0.03261717152293046,NS,True,B_shape,RandomForest
4U1735-44,NS,15,1.0,0.0019518595518595468,NS,True,B_shape,RandomForest
4U1746-371,NS,15,1.0,0.00335766848560518,NS,True,B_shape,RandomForest
4U1820-30,NS,15,1.0,0.016697902878652842,NS,True,B_shape,RandomForest
4U1915-05,NS,6,1.0,0.04981286738599577,NS,True,B_shape,RandomForest
AQLX1,NS,15,0.8666666666666667,0.3254421358853448,NS,True,B_shape,RandomForest
CYGX2,NS,15,0.6,0.3852195875188953,NS,True,B_shape,RandomForest
EXO0748-676,NS,15,1.0,0.23100665607586665,NS,True,B_shape,RandomForest
GROJ1655-40,BH,15,0.9333333333333333,0.8179733538720215,BH,True,B_shape,RandomForest
GRS1915+105,BH,15,0.06666666666666667,0.1512508916237037,NS,False,B_shape,RandomForest
GS1826-238,NS,15,1.0,0.14164060938714837,NS,True,B_shape,RandomForest
GX17+2,NS,15,1.0,0.0058741041273498605,NS,True,B_shape,RandomForest
GX3+1,NS,15,1.0,0.13692402944080626,NS,True,B_shape,RandomForest
GX339-4,BH,15,0.8,0.7181153878635801,BH,True,B_shape,RandomForest
HETEJ1900.1-245,NS,15,0.8666666666666667,0.2729461314876842,NS,True,B_shape,RandomForest
KS1731-260,NS,15,0.9333333333333333,0.3098759086735849,NS,True,B_shape,RandomForest
MXB1658-298,NS,15,0.9333333333333333,0.1378658071576119,NS,True,B_shape,RandomForest
SAXJ1808.4-3658,NS,15,1.0,0.3596592353202149,NS,True,B_shape,RandomForest
SLX1735-269,NS,15,1.0,0.1544186057200316,NS,True,B_shape,RandomForest
XTEJ1118+480,BH,15,0.06666666666666667,0.14378650256104258,NS,False,B_shape,RandomForest
XTEJ1550-564,BH,15,0.6,0.5778850828881108,BH,True,B_shape,RandomForest
XTEJ1650-500,BH,15,0.6666666666666666,0.677109075763971,BH,True,B_shape,RandomForest
XTEJ1814-338,NS,15,0.6,0.4213619037963658,NS,True,B_shape,RandomForest
4U1254-690,NS,15,1.0,0.11439421141971498,NS,True,H_colours,LogReg
4U1323-619,NS,15,0.9333333333333333,0.31886291479569245,NS,True,H_colours,LogReg
4U1543-47,BH,15,1.0,0.9477362411387201,BH,True,H_colours,LogReg
4U1608-52,NS,15,0.5333333333333333,0.3496435455626388,NS,True,H_colours,LogReg
4U1636-53,NS,15,0.8666666666666667,0.22139563995597625,NS,True,H_colours,LogReg
4U1702-429,NS,15,0.7333333333333333,0.28253005341877574,NS,True,H_colours,LogReg
4U1705-44,NS,15,0.8666666666666667,0.18441708826531328,NS,True,H_colours,LogReg
4U1724-307,NS,15,0.8666666666666667,0.3719785877496571,NS,True,H_colours,LogReg
4U1728-34,NS,15,1.0,0.16939888721277213,NS,True,H_colours,LogReg
4U1735-44,NS,15,1.0,0.026276828698048378,NS,True,H_colours,LogReg
4U1746-371,NS,15,1.0,0.0799745423084534,NS,True,H_colours,LogReg
4U1820-30,NS,15,1.0,0.04307328549839183,NS,True,H_colours,LogReg
4U1915-05,NS,6,0.8333333333333334,0.29464441178393846,NS,True,H_colours,LogReg
AQLX1,NS,15,0.5333333333333333,0.4137670365734591,NS,True,H_colours,LogReg
CYGX2,NS,15,1.0,0.20538135334488186,NS,True,H_colours,LogReg
EXO0748-676,NS,15,1.0,0.2836030239543348,NS,True,H_colours,LogReg
GROJ1655-40,BH,15,1.0,0.8157269551059302,BH,True,H_colours,LogReg
GRS1915+105,BH,15,0.4,0.40627620519349267,NS,False,H_colours,LogReg
GS1826-238,NS,15,1.0,0.31969990340295873,NS,True,H_colours,LogReg
GX17+2,NS,15,1.0,0.09108116170288034,NS,True,H_colours,LogReg
GX3+1,NS,15,1.0,0.0933350151086984,NS,True,H_colours,LogReg
GX339-4,BH,15,0.9333333333333333,0.810095669071324,BH,True,H_colours,LogReg
HETEJ1900.1-245,NS,15,0.13333333333333333,0.6064066619269247,BH,False,H_colours,LogReg
KS1731-260,NS,15,0.5333333333333333,0.5960872723429207,BH,False,H_colours,LogReg
MXB1658-298,NS,15,0.8666666666666667,0.2876620791272884,NS,True,H_colours,LogReg
SAXJ1808.4-3658,NS,15,0.0,0.7238791464268096,BH,False,H_colours,LogReg
SLX1735-269,NS,15,0.4666666666666667,0.40115907758182,NS,True,H_colours,LogReg
XTEJ1118+480,BH,15,0.13333333333333333,0.4116264055793725,NS,False,H_colours,LogReg
XTEJ1550-564,BH,15,0.9333333333333333,0.5517520668677354,BH,True,H_colours,LogReg
XTEJ1650-500,BH,15,0.9333333333333333,0.8475889596456329,BH,True,H_colours,LogReg
XTEJ1814-338,NS,15,0.8,0.4697668596110055,NS,True,H_colours,LogReg
4U1254-690,NS,15,1.0,0.03473407329571557,NS,True,H_colours,RandomForest
4U1323-619,NS,15,1.0,0.14564332296414617,NS,True,H_colours,RandomForest
4U1543-47,BH,15,0.9333333333333333,0.8647175472290355,BH,True,H_colours,RandomForest
4U1608-52,NS,15,0.8666666666666667,0.16568124391464614,NS,True,H_colours,RandomForest
4U1636-53,NS,15,1.0,0.09400667720650353,NS,True,H_colours,RandomForest
4U1702-429,NS,15,1.0,0.060726592396112576,NS,True,H_colours,RandomForest
4U1705-44,NS,15,1.0,0.04888592905446017,NS,True,H_colours,RandomForest
4U1724-307,NS,15,1.0,0.16982544598007893,NS,True,H_colours,RandomForest
4U1728-34,NS,15,0.9333333333333333,0.16643566700890472,NS,True,H_colours,RandomForest
4U1735-44,NS,15,1.0,0.007531008002450334,NS,True,H_colours,RandomForest
4U1746-371,NS,15,0.9333333333333333,0.04586935734294,NS,True,H_colours,RandomForest
4U1820-30,NS,15,1.0,0.031125900940765214,NS,True,H_colours,RandomForest
4U1915-05,NS,6,1.0,0.107142192216158,NS,True,H_colours,RandomForest
AQLX1,NS,15,0.6666666666666666,0.36562891338955866,NS,True,H_colours,RandomForest
CYGX2,NS,15,0.5333333333333333,0.40788579977448364,NS,True,H_colours,RandomForest
EXO0748-676,NS,15,1.0,0.2525954116628241,NS,True,H_colours,RandomForest
GROJ1655-40,BH,15,1.0,0.8695702575202261,BH,True,H_colours,RandomForest
GRS1915+105,BH,15,0.06666666666666667,0.15342755991749957,NS,False,H_colours,RandomForest
GS1826-238,NS,15,1.0,0.04517067942911024,NS,True,H_colours,RandomForest
GX17+2,NS,15,1.0,0.0701416871472499,NS,True,H_colours,RandomForest
GX3+1,NS,15,1.0,0.06831985001547346,NS,True,H_colours,RandomForest
GX339-4,BH,15,0.8666666666666667,0.7879260979929197,BH,True,H_colours,RandomForest
HETEJ1900.1-245,NS,15,0.6666666666666666,0.35065785428160845,NS,True,H_colours,RandomForest
KS1731-260,NS,15,0.7333333333333333,0.35941187480179654,NS,True,H_colours,RandomForest
MXB1658-298,NS,15,0.8666666666666667,0.12140334682461168,NS,True,H_colours,RandomForest
SAXJ1808.4-3658,NS,15,0.8666666666666667,0.279576991209147,NS,True,H_colours,RandomForest
SLX1735-269,NS,15,1.0,0.06415347827586439,NS,True,H_colours,RandomForest
XTEJ1118+480,BH,15,0.06666666666666667,0.25970240373622455,NS,False,H_colours,RandomForest
XTEJ1550-564,BH,15,0.6666666666666666,0.61884928186157,BH,True,H_colours,RandomForest
XTEJ1650-500,BH,15,0.6666666666666666,0.6998298687464212,BH,True,H_colours,RandomForest
XTEJ1814-338,NS,15,0.6,0.4108299901097576,NS,True,H_colours,RandomForest
4U1254-690,NS,15,1.0,0.060281293385392946,NS,True,HI_colours_intensity,LogReg
4U1323-619,NS,15,1.0,0.2350772064153038,NS,True,HI_colours_intensity,LogReg
4U1543-47,BH,15,1.0,0.9274827673351196,BH,True,HI_colours_intensity,LogReg
4U1608-52,NS,15,0.6,0.36603095470432834,NS,True,HI_colours_intensity,LogReg
4U1636-53,NS,15,0.8666666666666667,0.21574384100770988,NS,True,HI_colours_intensity,LogReg
4U1702-429,NS,15,0.7333333333333333,0.27418432298341633,NS,True,HI_colours_intensity,LogReg
4U1705-44,NS,15,0.8666666666666667,0.18943368907832722,NS,True,HI_colours_intensity,LogReg
4U1724-307,NS,15,0.9333333333333333,0.3402647052057597,NS,True,HI_colours_intensity,LogReg
4U1728-34,NS,15,1.0,0.22524086986578565,NS,True,HI_colours_intensity,LogReg
4U1735-44,NS,15,1.0,0.03008199958309067,NS,True,HI_colours_intensity,LogReg
4U1746-371,NS,15,1.0,0.05242347796836911,NS,True,HI_colours_intensity,LogReg
4U1820-30,NS,15,1.0,0.058731430834926615,NS,True,HI_colours_intensity,LogReg
4U1915-05,NS,6,1.0,0.21685658310310515,NS,True,HI_colours_intensity,LogReg
AQLX1,NS,15,0.6,0.37864536457331527,NS,True,HI_colours_intensity,LogReg
CYGX2,NS,15,1.0,0.24904032015967395,NS,True,HI_colours_intensity,LogReg
EXO0748-676,NS,15,1.0,0.21542901052132682,NS,True,HI_colours_intensity,LogReg
GROJ1655-40,BH,15,1.0,0.8462876076823498,BH,True,HI_colours_intensity,LogReg
GRS1915+105,BH,15,0.4666666666666667,0.43261070080199576,NS,False,HI_colours_intensity,LogReg
GS1826-238,NS,15,1.0,0.3948192528905622,NS,True,HI_colours_intensity,LogReg
GX17+2,NS,15,1.0,0.15669486883484354,NS,True,HI_colours_intensity,LogReg
GX3+1,NS,15,1.0,0.10914220763767019,NS,True,HI_colours_intensity,LogReg
GX339-4,BH,15,0.8666666666666667,0.7961709163097697,BH,True,HI_colours_intensity,LogReg
HETEJ1900.1-245,NS,15,0.26666666666666666,0.5703271196422909,BH,False,HI_colours_intensity,LogReg
KS1731-260,NS,15,0.06666666666666667,0.6395093833350269,BH,False,HI_colours_intensity,LogReg
MXB1658-298,NS,15,0.9333333333333333,0.1781280418415976,NS,True,HI_colours_intensity,LogReg
SAXJ1808.4-3658,NS,15,0.2,0.6446953750734143,BH,False,HI_colours_intensity,LogReg
SLX1735-269,NS,15,0.6666666666666666,0.3153182783514804,NS,True,HI_colours_intensity,LogReg
XTEJ1118+480,BH,15,0.3333333333333333,0.3585524156156936,NS,False,HI_colours_intensity,LogReg
XTEJ1550-564,BH,15,0.7333333333333333,0.61811737791331,BH,True,HI_colours_intensity,LogReg
XTEJ1650-500,BH,15,0.8666666666666667,0.8140628349077674,BH,True,HI_colours_intensity,LogReg
XTEJ1814-338,NS,15,0.8666666666666667,0.3995067806112077,NS,True,HI_colours_intensity,LogReg
4U1254-690,NS,15,1.0,0.02072626057595972,NS,True,HI_colours_intensity,RandomForest
4U1323-619,NS,15,1.0,0.25763748383629853,NS,True,HI_colours_intensity,RandomForest
4U1543-47,BH,15,0.8,0.7669961121409424,BH,True,HI_colours_intensity,RandomForest
4U1608-52,NS,15,0.9333333333333333,0.1025221441255477,NS,True,HI_colours_intensity,RandomForest
4U1636-53,NS,15,1.0,0.035152989814216336,NS,True,HI_colours_intensity,RandomForest
4U1702-429,NS,15,1.0,0.019096063195429867,NS,True,HI_colours_intensity,RandomForest
4U1705-44,NS,15,1.0,0.01722962531633967,NS,True,HI_colours_intensity,RandomForest
4U1724-307,NS,15,1.0,0.09404160616790551,NS,True,HI_colours_intensity,RandomForest
4U1728-34,NS,15,1.0,0.16686384304779706,NS,True,HI_colours_intensity,RandomForest
4U1735-44,NS,15,1.0,0.01022923769715132,NS,True,HI_colours_intensity,RandomForest
4U1746-371,NS,15,1.0,0.012420635772499026,NS,True,HI_colours_intensity,RandomForest
4U1820-30,NS,15,1.0,0.04822574423490726,NS,True,HI_colours_intensity,RandomForest
4U1915-05,NS,6,1.0,0.08316855968223896,NS,True,HI_colours_intensity,RandomForest
AQLX1,NS,15,0.8,0.25815318224032163,NS,True,HI_colours_intensity,RandomForest
CYGX2,NS,15,0.6666666666666666,0.3492374648484818,NS,True,HI_colours_intensity,RandomForest
EXO0748-676,NS,15,1.0,0.26012903853951286,NS,True,HI_colours_intensity,RandomForest
GROJ1655-40,BH,15,1.0,0.8276432136455915,BH,True,HI_colours_intensity,RandomForest
GRS1915+105,BH,15,0.06666666666666667,0.35441182686657535,NS,False,HI_colours_intensity,RandomForest
GS1826-238,NS,15,0.9333333333333333,0.15316113409392418,NS,True,HI_colours_intensity,RandomForest
GX17+2,NS,15,0.6666666666666666,0.3959172580790035,NS,True,HI_colours_intensity,RandomForest
GX3+1,NS,15,1.0,0.041407109140957736,NS,True,HI_colours_intensity,RandomForest
GX339-4,BH,15,0.8666666666666667,0.6975099753462854,BH,True,HI_colours_intensity,RandomForest
HETEJ1900.1-245,NS,15,0.8666666666666667,0.22215895084543985,NS,True,HI_colours_intensity,RandomForest
KS1731-260,NS,15,0.9333333333333333,0.1946902942499458,NS,True,HI_colours_intensity,RandomForest
MXB1658-298,NS,15,0.9333333333333333,0.1347975074951087,NS,True,HI_colours_intensity,RandomForest
SAXJ1808.4-3658,NS,15,0.8,0.28030085312672814,NS,True,HI_colours_intensity,RandomForest
SLX1735-269,NS,15,1.0,0.07130315479745034,NS,True,HI_colours_intensity,RandomForest
XTEJ1118+480,BH,15,0.06666666666666667,0.2260714814078479,NS,False,HI_colours_intensity,RandomForest
XTEJ1550-564,BH,15,0.6666666666666666,0.6343254848060959,BH,True,HI_colours_intensity,RandomForest
XTEJ1650-500,BH,15,0.7333333333333333,0.7047269542847073,BH,True,HI_colours_intensity,RandomForest
XTEJ1814-338,NS,15,0.3333333333333333,0.5083217147150232,BH,False,HI_colours_intensity,RandomForest
4U1254-690,NS,15,1.0,0.15471759736674912,NS,True,A_intensity+cand,LogReg
4U1323-619,NS,15,1.0,0.22853459913590876,NS,True,A_intensity+cand,LogReg
4U1543-47,BH,15,0.8666666666666667,0.8850109802549557,BH,True,A_intensity+cand,LogReg
4U1608-52,NS,15,0.7333333333333333,0.25808437066357814,NS,True,A_intensity+cand,LogReg
4U1636-53,NS,15,0.8666666666666667,0.23331778575649628,NS,True,A_intensity+cand,LogReg
4U1702-429,NS,15,0.7333333333333333,0.2682394043272312,NS,True,A_intensity+cand,LogReg
4U1705-44,NS,15,0.8666666666666667,0.14263340430751506,NS,True,A_intensity+cand,LogReg
4U1724-307,NS,15,1.0,0.2996991750814946,NS,True,A_intensity+cand,LogReg
4U1728-34,NS,15,0.6666666666666666,0.3435687325643526,NS,True,A_intensity+cand,LogReg
4U1735-44,NS,15,1.0,0.01475245374402545,NS,True,A_intensity+cand,LogReg
4U1746-371,NS,15,0.9333333333333333,0.10566157468515618,NS,True,A_intensity+cand,LogReg
4U1820-30,NS,15,1.0,0.07373508695251546,NS,True,A_intensity+cand,LogReg
4U1915-05,NS,6,1.0,0.2494438040423691,NS,True,A_intensity+cand,LogReg
AQLX1,NS,15,0.6666666666666666,0.3638873968954346,NS,True,A_intensity+cand,LogReg
CYGX2,NS,15,1.0,0.049601898428099006,NS,True,A_intensity+cand,LogReg
EXO0748-676,NS,15,1.0,0.22516844699610175,NS,True,A_intensity+cand,LogReg
GROJ1655-40,BH,15,0.6666666666666666,0.7480205796639254,BH,True,A_intensity+cand,LogReg
GRS1915+105,BH,15,0.7333333333333333,0.648413045634213,BH,True,A_intensity+cand,LogReg
GS1826-238,NS,15,1.0,0.44766166266880064,NS,True,A_intensity+cand,LogReg
GX17+2,NS,15,1.0,0.09292274112105361,NS,True,A_intensity+cand,LogReg
GX3+1,NS,15,1.0,0.018478329166811726,NS,True,A_intensity+cand,LogReg
GX339-4,BH,15,0.7333333333333333,0.7183683559649968,BH,True,A_intensity+cand,LogReg
HETEJ1900.1-245,NS,15,0.6,0.479924512303444,NS,True,A_intensity+cand,LogReg
KS1731-260,NS,15,0.06666666666666667,0.6053690034730143,BH,False,A_intensity+cand,LogReg
MXB1658-298,NS,15,0.7333333333333333,0.3577059065395529,NS,True,A_intensity+cand,LogReg
SAXJ1808.4-3658,NS,15,0.13333333333333333,0.6479855336579431,BH,False,A_intensity+cand,LogReg
SLX1735-269,NS,15,0.6,0.4169426957349019,NS,True,A_intensity+cand,LogReg
XTEJ1118+480,BH,15,0.13333333333333333,0.38383287702181085,NS,False,A_intensity+cand,LogReg
XTEJ1550-564,BH,15,0.8,0.6289630011718378,BH,True,A_intensity+cand,LogReg
XTEJ1650-500,BH,15,1.0,0.89345852057591,BH,True,A_intensity+cand,LogReg
XTEJ1814-338,NS,15,0.8,0.3462974327929392,NS,True,A_intensity+cand,LogReg
4U1254-690,NS,15,0.7333333333333333,0.35062609353215546,NS,True,A_intensity+cand,RandomForest
4U1323-619,NS,15,0.7333333333333333,0.4508048538156845,NS,True,A_intensity+cand,RandomForest
4U1543-47,BH,15,0.6,0.6730739114874174,BH,True,A_intensity+cand,RandomForest
4U1608-52,NS,15,0.8666666666666667,0.2299435509819016,NS,True,A_intensity+cand,RandomForest
4U1636-53,NS,15,0.8666666666666667,0.32405340833617635,NS,True,A_intensity+cand,RandomForest
4U1702-429,NS,15,1.0,0.18227203764353786,NS,True,A_intensity+cand,RandomForest
4U1705-44,NS,15,1.0,0.10366157005672264,NS,True,A_intensity+cand,RandomForest
4U1724-307,NS,15,0.5333333333333333,0.4738912522789865,NS,True,A_intensity+cand,RandomForest
4U1728-34,NS,15,0.7333333333333333,0.3342367705473969,NS,True,A_intensity+cand,RandomForest
4U1735-44,NS,15,1.0,0.04423441318048746,NS,True,A_intensity+cand,RandomForest
4U1746-371,NS,15,1.0,0.14972579453326437,NS,True,A_intensity+cand,RandomForest
4U1820-30,NS,15,1.0,0.046448329459605114,NS,True,A_intensity+cand,RandomForest
4U1915-05,NS,6,1.0,0.2810020569657765,NS,True,A_intensity+cand,RandomForest
AQLX1,NS,15,0.6,0.42979454222332814,NS,True,A_intensity+cand,RandomForest
CYGX2,NS,15,1.0,0.11402973012850935,NS,True,A_intensity+cand,RandomForest
EXO0748-676,NS,15,1.0,0.34369536631383285,NS,True,A_intensity+cand,RandomForest
GROJ1655-40,BH,15,0.7333333333333333,0.713263474086179,BH,True,A_intensity+cand,RandomForest
GRS1915+105,BH,15,0.3333333333333333,0.4907763135674038,NS,False,A_intensity+cand,RandomForest
GS1826-238,NS,15,0.5333333333333333,0.4218185054709304,NS,True,A_intensity+cand,RandomForest
GX17+2,NS,15,0.4,0.5887665265603775,BH,False,A_intensity+cand,RandomForest
GX3+1,NS,15,0.9333333333333333,0.07663763318085533,NS,True,A_intensity+cand,RandomForest
GX339-4,BH,15,0.8666666666666667,0.7385838550637491,BH,True,A_intensity+cand,RandomForest
HETEJ1900.1-245,NS,15,0.4,0.564683965321749,BH,False,A_intensity+cand,RandomForest
KS1731-260,NS,15,0.6,0.4895166921394701,NS,True,A_intensity+cand,RandomForest
MXB1658-298,NS,15,0.8,0.3296089219645385,NS,True,A_intensity+cand,RandomForest
SAXJ1808.4-3658,NS,15,0.5333333333333333,0.48424660060627506,NS,True,A_intensity+cand,RandomForest
SLX1735-269,NS,15,0.7333333333333333,0.3404989893795548,NS,True,A_intensity+cand,RandomForest
XTEJ1118+480,BH,15,0.5333333333333333,0.5464378944710179,BH,True,A_intensity+cand,RandomForest
XTEJ1550-564,BH,15,0.8666666666666667,0.6355238583771796,BH,True,A_intensity+cand,RandomForest
XTEJ1650-500,BH,15,0.8,0.7711396775140621,BH,True,A_intensity+cand,RandomForest
XTEJ1814-338,NS,15,0.3333333333333333,0.6211089898417512,BH,False,A_intensity+cand,RandomForest
4U1254-690,NS,15,1.0,0.03198923455919868,NS,True,B_shape+cand,LogReg
4U1323-619,NS,15,0.6,0.4535828875093537,NS,True,B_shape+cand,LogReg
4U1543-47,BH,15,1.0,0.9652905855239218,BH,True,B_shape+cand,LogReg
4U1608-52,NS,15,0.8,0.24047987811084684,NS,True,B_shape+cand,LogReg
4U1636-53,NS,15,1.0,0.06925982376379523,NS,True,B_shape+cand,LogReg
4U1702-429,NS,15,1.0,0.14642033564739007,NS,True,B_shape+cand,LogReg
4U1705-44,NS,15,0.8666666666666667,0.12111555258413925,NS,True,B_shape+cand,LogReg
4U1724-307,NS,15,1.0,0.14802171807361375,NS,True,B_shape+cand,LogReg
4U1728-34,NS,15,1.0,0.06433508682547953,NS,True,B_shape+cand,LogReg
4U1735-44,NS,15,1.0,0.0012388858196831945,NS,True,B_shape+cand,LogReg
4U1746-371,NS,15,1.0,0.005954772441241619,NS,True,B_shape+cand,LogReg
4U1820-30,NS,15,1.0,0.006131537370245486,NS,True,B_shape+cand,LogReg
4U1915-05,NS,6,1.0,0.09276710703413908,NS,True,B_shape+cand,LogReg
AQLX1,NS,15,0.8,0.3155761504477617,NS,True,B_shape+cand,LogReg
CYGX2,NS,15,0.6666666666666666,0.415606121134319,NS,True,B_shape+cand,LogReg
EXO0748-676,NS,15,0.9333333333333333,0.26873660793103266,NS,True,B_shape+cand,LogReg
GROJ1655-40,BH,15,1.0,0.9198677622551308,BH,True,B_shape+cand,LogReg
GRS1915+105,BH,15,0.3333333333333333,0.3874416002537057,NS,False,B_shape+cand,LogReg
GS1826-238,NS,15,1.0,0.2444292466625087,NS,True,B_shape+cand,LogReg
GX17+2,NS,15,1.0,0.037644730995512646,NS,True,B_shape+cand,LogReg
GX3+1,NS,15,1.0,0.06770302470461506,NS,True,B_shape+cand,LogReg
GX339-4,BH,15,1.0,0.8096861140335935,BH,True,B_shape+cand,LogReg
HETEJ1900.1-245,NS,15,0.3333333333333333,0.473241959488984,NS,True,B_shape+cand,LogReg
KS1731-260,NS,15,0.5333333333333333,0.5375499301999938,BH,False,B_shape+cand,LogReg
MXB1658-298,NS,15,0.9333333333333333,0.13669736810217034,NS,True,B_shape+cand,LogReg
SAXJ1808.4-3658,NS,15,0.26666666666666666,0.5407829878951962,BH,False,B_shape+cand,LogReg
SLX1735-269,NS,15,0.8666666666666667,0.25503291971777514,NS,True,B_shape+cand,LogReg
XTEJ1118+480,BH,15,0.06666666666666667,0.3272239575846818,NS,False,B_shape+cand,LogReg
XTEJ1550-564,BH,15,0.8666666666666667,0.7952127565993534,BH,True,B_shape+cand,LogReg
XTEJ1650-500,BH,15,1.0,0.8419836999341429,BH,True,B_shape+cand,LogReg
XTEJ1814-338,NS,15,0.6666666666666666,0.48877132090435726,NS,True,B_shape+cand,LogReg
4U1254-690,NS,15,1.0,0.058475484741338825,NS,True,B_shape+cand,RandomForest
4U1323-619,NS,15,0.6666666666666666,0.4531040084391788,NS,True,B_shape+cand,RandomForest
4U1543-47,BH,15,1.0,0.9465199420308925,BH,True,B_shape+cand,RandomForest
4U1608-52,NS,15,0.9333333333333333,0.20601438168415045,NS,True,B_shape+cand,RandomForest
4U1636-53,NS,15,1.0,0.07200264881942627,NS,True,B_shape+cand,RandomForest
4U1702-429,NS,15,0.9333333333333333,0.13346692528273826,NS,True,B_shape+cand,RandomForest
4U1705-44,NS,15,1.0,0.050636316370213534,NS,True,B_shape+cand,RandomForest
4U1724-307,NS,15,1.0,0.10066764237497618,NS,True,B_shape+cand,RandomForest
4U1728-34,NS,15,1.0,0.072645356423842,NS,True,B_shape+cand,RandomForest
4U1735-44,NS,15,1.0,0.003051425912098527,NS,True,B_shape+cand,RandomForest
4U1746-371,NS,15,1.0,0.02042424367667527,NS,True,B_shape+cand,RandomForest
4U1820-30,NS,15,1.0,0.022137002873681328,NS,True,B_shape+cand,RandomForest
4U1915-05,NS,6,1.0,0.13728692580051824,NS,True,B_shape+cand,RandomForest
AQLX1,NS,15,0.6,0.4075820811009103,NS,True,B_shape+cand,RandomForest
CYGX2,NS,15,0.6,0.43457880454204373,NS,True,B_shape+cand,RandomForest
EXO0748-676,NS,15,0.8,0.3801497845973367,NS,True,B_shape+cand,RandomForest
GROJ1655-40,BH,15,1.0,0.9715617044053968,BH,True,B_shape+cand,RandomForest
GRS1915+105,BH,15,0.5333333333333333,0.45052222430132444,NS,False,B_shape+cand,RandomForest
GS1826-238,NS,15,0.9333333333333333,0.2563426413913571,NS,True,B_shape+cand,RandomForest
GX17+2,NS,15,1.0,0.012187302518893727,NS,True,B_shape+cand,RandomForest
GX3+1,NS,15,1.0,0.17601743957205393,NS,True,B_shape+cand,RandomForest
GX339-4,BH,15,0.8666666666666667,0.8207152307925412,BH,True,B_shape+cand,RandomForest
HETEJ1900.1-245,NS,15,0.8666666666666667,0.31583652190031813,NS,True,B_shape+cand,RandomForest
KS1731-260,NS,15,0.8,0.3714497049695589,NS,True,B_shape+cand,RandomForest
MXB1658-298,NS,15,0.8,0.2204224449404449,NS,True,B_shape+cand,RandomForest
SAXJ1808.4-3658,NS,15,0.6,0.4924211714640844,NS,True,B_shape+cand,RandomForest
SLX1735-269,NS,15,0.8666666666666667,0.25496174872464455,NS,True,B_shape+cand,RandomForest
XTEJ1118+480,BH,15,0.2,0.3519563561760093,NS,False,B_shape+cand,RandomForest
XTEJ1550-564,BH,15,0.8,0.753809513016996,BH,True,B_shape+cand,RandomForest
XTEJ1650-500,BH,15,0.8,0.8097185426295688,BH,True,B_shape+cand,RandomForest
XTEJ1814-338,NS,15,0.2,0.6070291445456987,BH,False,B_shape+cand,RandomForest
4U1254-690,NS,15,1.0,0.10622882875203163,NS,True,H_colours+cand,LogReg
4U1323-619,NS,15,0.9333333333333333,0.26270985145799997,NS,True,H_colours+cand,LogReg
4U1543-47,BH,15,1.0,0.9437503861778844,BH,True,H_colours+cand,LogReg
4U1608-52,NS,15,0.5333333333333333,0.3369193629121898,NS,True,H_colours+cand,LogReg
4U1636-53,NS,15,1.0,0.19957988929590875,NS,True,H_colours+cand,LogReg
4U1702-429,NS,15,0.7333333333333333,0.26690071923852304,NS,True,H_colours+cand,LogReg
4U1705-44,NS,15,0.8666666666666667,0.169464031008243,NS,True,H_colours+cand,LogReg
4U1724-307,NS,15,0.9333333333333333,0.34075001449679054,NS,True,H_colours+cand,LogReg
4U1728-34,NS,15,1.0,0.1408458497307287,NS,True,H_colours+cand,LogReg
4U1735-44,NS,15,1.0,0.018780340631451207,NS,True,H_colours+cand,LogReg
4U1746-371,NS,15,1.0,0.0697657524299513,NS,True,H_colours+cand,LogReg
4U1820-30,NS,15,1.0,0.030873530061800415,NS,True,H_colours+cand,LogReg
4U1915-05,NS,6,0.8333333333333334,0.2751443470157793,NS,True,H_colours+cand,LogReg
AQLX1,NS,15,0.6,0.4048063807734619,NS,True,H_colours+cand,LogReg
CYGX2,NS,15,1.0,0.2189471755602783,NS,True,H_colours+cand,LogReg
EXO0748-676,NS,15,1.0,0.2323807757523212,NS,True,H_colours+cand,LogReg
GROJ1655-40,BH,15,0.8666666666666667,0.8487329092264356,BH,True,H_colours+cand,LogReg
GRS1915+105,BH,15,0.6,0.4888813810330041,NS,False,H_colours+cand,LogReg
GS1826-238,NS,15,1.0,0.26234347431708815,NS,True,H_colours+cand,LogReg
GX17+2,NS,15,1.0,0.0816107913349457,NS,True,H_colours+cand,LogReg
GX3+1,NS,15,1.0,0.08720858570178629,NS,True,H_colours+cand,LogReg
GX339-4,BH,15,0.8666666666666667,0.7961803513522924,BH,True,H_colours+cand,LogReg
HETEJ1900.1-245,NS,15,0.13333333333333333,0.5999877927358489,BH,False,H_colours+cand,LogReg
KS1731-260,NS,15,0.6,0.5665651939078917,BH,False,H_colours+cand,LogReg
MXB1658-298,NS,15,0.8666666666666667,0.2822624301446797,NS,True,H_colours+cand,LogReg
SAXJ1808.4-3658,NS,15,0.06666666666666667,0.7228242189949136,BH,False,H_colours+cand,LogReg
SLX1735-269,NS,15,0.4666666666666667,0.3892164684319701,NS,True,H_colours+cand,LogReg
XTEJ1118+480,BH,15,0.06666666666666667,0.4026444284720847,NS,False,H_colours+cand,LogReg
XTEJ1550-564,BH,15,0.8666666666666667,0.5480452514609467,BH,True,H_colours+cand,LogReg
XTEJ1650-500,BH,15,0.9333333333333333,0.8412418807561106,BH,True,H_colours+cand,LogReg
XTEJ1814-338,NS,15,0.8666666666666667,0.4194459155960274,NS,True,H_colours+cand,LogReg
4U1254-690,NS,15,1.0,0.05739354581499286,NS,True,H_colours+cand,RandomForest
4U1323-619,NS,15,0.8666666666666667,0.2630939238365804,NS,True,H_colours+cand,RandomForest
4U1543-47,BH,15,0.9333333333333333,0.9361997071000289,BH,True,H_colours+cand,RandomForest
4U1608-52,NS,15,0.8,0.213890850848815,NS,True,H_colours+cand,RandomForest
4U1636-53,NS,15,0.8666666666666667,0.1611745895373491,NS,True,H_colours+cand,RandomForest
4U1702-429,NS,15,0.8,0.18427727868139226,NS,True,H_colours+cand,RandomForest
4U1705-44,NS,15,1.0,0.10035131019431792,NS,True,H_colours+cand,RandomForest
4U1724-307,NS,15,1.0,0.21997441473456894,NS,True,H_colours+cand,RandomForest
4U1728-34,NS,15,0.9333333333333333,0.17897256503436923,NS,True,H_colours+cand,RandomForest
4U1735-44,NS,15,1.0,0.01027209795805014,NS,True,H_colours+cand,RandomForest
4U1746-371,NS,15,0.9333333333333333,0.04708441493540653,NS,True,H_colours+cand,RandomForest
4U1820-30,NS,15,1.0,0.0353314255665504,NS,True,H_colours+cand,RandomForest
4U1915-05,NS,6,1.0,0.1845272667499438,NS,True,H_colours+cand,RandomForest
AQLX1,NS,15,0.3333333333333333,0.5254391790279235,BH,False,H_colours+cand,RandomForest
CYGX2,NS,15,0.5333333333333333,0.4864308767541976,NS,True,H_colours+cand,RandomForest
EXO0748-676,NS,15,0.6666666666666666,0.3819296184451527,NS,True,H_colours+cand,RandomForest
GROJ1655-40,BH,15,1.0,0.9832043395562375,BH,True,H_colours+cand,RandomForest
GRS1915+105,BH,15,0.5333333333333333,0.5235729607385989,BH,True,H_colours+cand,RandomForest
GS1826-238,NS,15,1.0,0.12463476244946732,NS,True,H_colours+cand,RandomForest
GX17+2,NS,15,1.0,0.0680680394224278,NS,True,H_colours+cand,RandomForest
GX3+1,NS,15,1.0,0.10251733759979081,NS,True,H_colours+cand,RandomForest
GX339-4,BH,15,0.8666666666666667,0.8588839802591784,BH,True,H_colours+cand,RandomForest
HETEJ1900.1-245,NS,15,0.6,0.48052475949297213,NS,True,H_colours+cand,RandomForest
KS1731-260,NS,15,0.2,0.588118051334363,BH,False,H_colours+cand,RandomForest
MXB1658-298,NS,15,0.9333333333333333,0.19650815347200215,NS,True,H_colours+cand,RandomForest
SAXJ1808.4-3658,NS,15,0.4,0.5640842377286849,BH,False,H_colours+cand,RandomForest
SLX1735-269,NS,15,0.8666666666666667,0.1851947140688251,NS,True,H_colours+cand,RandomForest
XTEJ1118+480,BH,15,0.4,0.39426761839825836,NS,False,H_colours+cand,RandomForest
XTEJ1550-564,BH,15,0.7333333333333333,0.7518638815742926,BH,True,H_colours+cand,RandomForest
XTEJ1650-500,BH,15,0.9333333333333333,0.8308792769463785,BH,True,H_colours+cand,RandomForest
XTEJ1814-338,NS,15,0.3333333333333333,0.5893174133790955,BH,False,H_colours+cand,RandomForest
4U1254-690,NS,15,1.0,0.08805667718135961,NS,True,HI_colours_intensity+cand,LogReg
4U1323-619,NS,15,1.0,0.2338544066222568,NS,True,HI_colours_intensity+cand,LogReg
4U1543-47,BH,15,1.0,0.9384017925347973,BH,True,HI_colours_intensity+cand,LogReg
4U1608-52,NS,15,0.6,0.35414280594262065,NS,True,HI_colours_intensity+cand,LogReg
4U1636-53,NS,15,0.8666666666666667,0.2033013501921988,NS,True,HI_colours_intensity+cand,LogReg
4U1702-429,NS,15,0.7333333333333333,0.27012672573772395,NS,True,HI_colours_intensity+cand,LogReg
4U1705-44,NS,15,0.8666666666666667,0.17650989408948198,NS,True,HI_colours_intensity+cand,LogReg
4U1724-307,NS,15,0.9333333333333333,0.3343035507985117,NS,True,HI_colours_intensity+cand,LogReg
4U1728-34,NS,15,1.0,0.1647850966665704,NS,True,HI_colours_intensity+cand,LogReg
4U1735-44,NS,15,1.0,0.02023685297275943,NS,True,HI_colours_intensity+cand,LogReg
4U1746-371,NS,15,1.0,0.061350805044885555,NS,True,HI_colours_intensity+cand,LogReg
4U1820-30,NS,15,1.0,0.035496602316787335,NS,True,HI_colours_intensity+cand,LogReg
4U1915-05,NS,6,0.8333333333333334,0.2501349917515224,NS,True,HI_colours_intensity+cand,LogReg
AQLX1,NS,15,0.6,0.3997726354395056,NS,True,HI_colours_intensity+cand,LogReg
CYGX2,NS,15,0.9333333333333333,0.262285969813642,NS,True,HI_colours_intensity+cand,LogReg
EXO0748-676,NS,15,1.0,0.208708174600417,NS,True,HI_colours_intensity+cand,LogReg
GROJ1655-40,BH,15,0.9333333333333333,0.8644964751619413,BH,True,HI_colours_intensity+cand,LogReg
GRS1915+105,BH,15,0.6,0.4928734057176268,NS,False,HI_colours_intensity+cand,LogReg
GS1826-238,NS,15,1.0,0.2925681888854417,NS,True,HI_colours_intensity+cand,LogReg
GX17+2,NS,15,1.0,0.11043321027947098,NS,True,HI_colours_intensity+cand,LogReg
GX3+1,NS,15,1.0,0.10042290870722669,NS,True,HI_colours_intensity+cand,LogReg
GX339-4,BH,15,0.8666666666666667,0.7976555670617358,BH,True,HI_colours_intensity+cand,LogReg
HETEJ1900.1-245,NS,15,0.13333333333333333,0.5961660395037144,BH,False,HI_colours_intensity+cand,LogReg
KS1731-260,NS,15,0.5333333333333333,0.5921047814573714,BH,False,HI_colours_intensity+cand,LogReg
MXB1658-298,NS,15,0.9333333333333333,0.250965239935956,NS,True,HI_colours_intensity+cand,LogReg
SAXJ1808.4-3658,NS,15,0.06666666666666667,0.7057207221161932,BH,False,HI_colours_intensity+cand,LogReg
SLX1735-269,NS,15,0.6,0.36572207889642666,NS,True,HI_colours_intensity+cand,LogReg
XTEJ1118+480,BH,15,0.2,0.3877821810378951,NS,False,HI_colours_intensity+cand,LogReg
XTEJ1550-564,BH,15,0.8666666666666667,0.5728055634547975,BH,True,HI_colours_intensity+cand,LogReg
XTEJ1650-500,BH,15,0.9333333333333333,0.8436807368389109,BH,True,HI_colours_intensity+cand,LogReg
XTEJ1814-338,NS,15,0.8666666666666667,0.3965655991262949,NS,True,HI_colours_intensity+cand,LogReg
4U1254-690,NS,15,1.0,0.1406115806146609,NS,True,HI_colours_intensity+cand,RandomForest
4U1323-619,NS,15,0.9333333333333333,0.2976273832230632,NS,True,HI_colours_intensity+cand,RandomForest
4U1543-47,BH,15,0.9333333333333333,0.9133137309031039,BH,True,HI_colours_intensity+cand,RandomForest
4U1608-52,NS,15,0.9333333333333333,0.1645387720150791,NS,True,HI_colours_intensity+cand,RandomForest
4U1636-53,NS,15,1.0,0.07186469117580643,NS,True,HI_colours_intensity+cand,RandomForest
4U1702-429,NS,15,1.0,0.08618409088463906,NS,True,HI_colours_intensity+cand,RandomForest
4U1705-44,NS,15,0.9333333333333333,0.07681290001004584,NS,True,HI_colours_intensity+cand,RandomForest
4U1724-307,NS,15,1.0,0.23559641283949992,NS,True,HI_colours_intensity+cand,RandomForest
4U1728-34,NS,15,1.0,0.23026718336541524,NS,True,HI_colours_intensity+cand,RandomForest
4U1735-44,NS,15,1.0,0.034885369710029625,NS,True,HI_colours_intensity+cand,RandomForest
4U1746-371,NS,15,1.0,0.08727529942194039,NS,True,HI_colours_intensity+cand,RandomForest
4U1820-30,NS,15,1.0,0.03332355163164655,NS,True,HI_colours_intensity+cand,RandomForest
4U1915-05,NS,6,1.0,0.23638608750876322,NS,True,HI_colours_intensity+cand,RandomForest
AQLX1,NS,15,0.4666666666666667,0.46371570041982035,NS,True,HI_colours_intensity+cand,RandomForest
CYGX2,NS,15,0.5333333333333333,0.45884188770781864,NS,True,HI_colours_intensity+cand,RandomForest
EXO0748-676,NS,15,0.6666666666666666,0.3827302173583737,NS,True,HI_colours_intensity+cand,RandomForest
GROJ1655-40,BH,15,1.0,0.9005206892819765,BH,True,HI_colours_intensity+cand,RandomForest
GRS1915+105,BH,15,0.7333333333333333,0.5951512484941877,BH,True,HI_colours_intensity+cand,RandomForest
GS1826-238,NS,15,0.8666666666666667,0.28931312571389384,NS,True,HI_colours_intensity+cand,RandomForest
GX17+2,NS,15,0.7333333333333333,0.31758074184325724,NS,True,HI_colours_intensity+cand,RandomForest
GX3+1,NS,15,1.0,0.05692903521376161,NS,True,HI_colours_intensity+cand,RandomForest
GX339-4,BH,15,0.8666666666666667,0.823056571940743,BH,True,HI_colours_intensity+cand,RandomForest
HETEJ1900.1-245,NS,15,0.6,0.43786310613592005,NS,True,HI_colours_intensity+cand,RandomForest
KS1731-260,NS,15,0.7333333333333333,0.3297335340278922,NS,True,HI_colours_intensity+cand,RandomForest
MXB1658-298,NS,15,0.8666666666666667,0.31018383760520185,NS,True,HI_colours_intensity+cand,RandomForest
SAXJ1808.4-3658,NS,15,0.4666666666666667,0.5676270206085547,BH,False,HI_colours_intensity+cand,RandomForest
SLX1735-269,NS,15,0.8,0.29196145491966347,NS,True,HI_colours_intensity+cand,RandomForest
XTEJ1118+480,BH,15,0.6666666666666666,0.5520383960252737,BH,True,HI_colours_intensity+cand,RandomForest
XTEJ1550-564,BH,15,0.8,0.7538906609373862,BH,True,HI_colours_intensity+cand,RandomForest
XTEJ1650-500,BH,15,0.9333333333333333,0.8303489620005767,BH,True,HI_colours_intensity+cand,RandomForest
XTEJ1814-338,NS,15,0.2,0.685578790702116,BH,False,HI_colours_intensity+cand,RandomForest
