source_id,true_label,obs_id,state,nu_c,rule_BH,H_N+T_N-LR,H_N+T_N-RF,H_N-LR,H_N-RF
IGR J17511-3057,NS,7050380101,hard-like,1.1577455428172987,True,0.5659325326052614,0.07670045690160932,0.4480255158529351,0.01033160174639769
IGR J17511-3057,NS,7512010101,hard-like,1.7411244569367117,False,0.5958121790424837,0.15658793991387765,0.44848254654862973,0.009108929681620359
IGR J17511-3057,NS,7512010102,hard-like,2.1945598309728007,False,0.5577949709580763,0.14044127649497395,0.44574081598120335,0.0339065242881425
SAX J1712.6-3739,NS,1200180101,soft-like,6.638395043646984,False,0.3698555605080302,0.14290120463532496,0.5167732355673762,0.0
SAX J1748.9-2021,NS,1050400101,hard-like,4.7863445658981805,False,0.5132412656538291,0.005191370925952399,0.47401927523044374,0.008617685559114352
SAX J1748.9-2021,NS,1050400102,hard-like,3.7501928270444327,False,0.5130254195082748,0.0,0.4644185025286635,0.029967061250094573
SAX J1748.9-2021,NS,1050400103,hard-like,1.94795616197224,False,0.5978179486618836,0.003518314461157135,0.4717396084118111,0.0
SLX 1735-269,NS,3604020102,hard-like,4.96231941369326,False,0.5839111585493357,0.051325821752827516,0.5444512386038164,0.5596831342125769
SLX 1735-269,NS,3604020104,soft-like,8.715506316450366,False,0.452964466474059,0.036063306789776095,0.5066549123378831,0.019981288960098154
SLX 1735-269,NS,3604020105,soft-like,8.970594995348035,False,0.5856607311041498,0.014403958803429484,0.5439861890466668,0.003518314461157135
XB 1916-053,NS,1050480103,soft-like,11.219361976713174,False,0.3665376552455596,0.05175872433345957,0.5483838783680477,0.0036167664670658795
