nh_1e22,L,M,H
0,0.2500006929,0.1500000885,0.05000000456
0.001,0.2499641378,0.1499969943,0.04999983283
0.0010534479,0.2499621842,0.1499968289,0.04999982365
0.0011097525,0.2499601262,0.1499966547,0.04999981398
0.0011690664,0.2499579582,0.1499964711,0.04999980379
0.0012315506,0.2499556744,0.1499962778,0.04999979306
0.0012973744,0.2499532685,0.1499960741,0.04999978176
0.0013667164,0.2499507341,0.1499958596,0.04999976985
0.0014397645,0.2499480642,0.1499956336,0.0499997573
0.0015167169,0.2499452517,0.1499953955,0.04999974409
0.0015977822,0.2499422889,0.1499951446,0.04999973017
0.0016831804,0.2499391678,0.1499948804,0.0499997155
0.0017731428,0.2499358799,0.149994602,0.04999970005
0.0018679136,0.2499324164,0.1499943088,0.04999968378
0.0019677497,0.2499287678,0.1499939999,0.04999966663
0.0020729218,0.2499249243,0.1499936745,0.04999964857
0.0021837151,0.2499208754,0.1499933317,0.04999962954
0.0023004301,0.2499166102,0.1499929706,0.0499996095
0.0024233833,0.2499121171,0.1499925902,0.04999958838
0.0025529081,0.249907384,0.1499921894,0.04999956614
0.0026893557,0.2499023981,0.1499917672,0.04999954271
0.0028330961,0.2498971458,0.1499913225,0.04999951802
0.0029845192,0.2498916129,0.149990854,0.04999949202
0.0031440355,0.2498857844,0.1499903604,0.04999946462
0.0033120776,0.2498796446,0.1499898405,0.04999943577
0.0034891012,0.2498731769,0.1499892928,0.04999940536
0.0036755864,0.2498663637,0.1499887158,0.04999937334
0.0038720388,0.2498591865,0.149988108,0.0499993396
0.0040789912,0.2498516261,0.1499874677,0.04999930406
0.0042970047,0.2498436619,0.1499867932,0.04999926662
0.0045266706,0.2498352723,0.1499860827,0.04999922718
0.0047686117,0.2498264347,0.1499853341,0.04999918563
0.005023484,0.2498171252,0.1499845456,0.04999914186
0.0052919787,0.2498073185,0.1499837149,0.04999909575
0.0055748239,0.2497969883,0.1499828398,0.04999904718
0.0058727866,0.2497861064,0.149981918,0.04999899601
0.0061866748,0.2497746436,0.1499809469,0.04999894211
0.0065173396,0.2497625688,0.1499799239,0.04999888532
0.0068656778,0.2497498495,0.1499788463,0.0499988255
0.0072326339,0.2497364511,0.149977711,0.04999876248
0.0076192031,0.2497223376,0.1499765151,0.0499986961
0.0080264335,0.2497074709,0.1499752553,0.04999862617
0.0084554296,0.2496918107,0.1499739282,0.0499985525
0.0089073546,0.2496753148,0.1499725301,0.04999847489
0.0093834341,0.2496579387,0.1499710574,0.04999839313
0.009884959,0.2496396355,0.1499695059,0.04999830701
0.010413289,0.2496203558,0.1499678716,0.04999821628
0.010969858,0.2496000476,0.1499661499,0.0499981207
0.011556174,0.2495786562,0.1499643362,0.04999802001
0.012173827,0.2495561239,0.1499624256,0.04999791395
0.012824493,0.24953239,0.149960413,0.04999780221
0.013509935,0.2495073906,0.1499582928,0.0499976845
0.014232013,0.2494810583,0.1499560593,0.0499975605
0.014992684,0.2494533224,0.1499537065,0.04999742988
0.015794012,0.2494241081,0.149951228,0.04999729227
0.016638169,0.2493933369,0.1499486171,0.04999714731
0.017527444,0.2493609262,0.1499458667,0.0499969946
0.018464249,0.2493267887,0.1499429693,0.04999683373
0.019451125,0.2492908329,0.1499399172,0.04999666427
0.020490747,0.2492529623,0.149936702,0.04999648574
0.021585934,0.2492130752,0.1499333151,0.04999629768
0.022739658,0.2491710646,0.1499297473,0.04999609956
0.023955045,0.2491268182,0.1499259889,0.04999589086
0.025235392,0.2490802173,0.1499220297,0.049995671
0.026584171,0.2490311373,0.1499178591,0.0499954394
0.028005039,0.248979447,0.1499134657,0.04999519541
0.02950185,0.2489250082,0.1499088377,0.04999493839
0.031078662,0.2488676756,0.1499039625,0.04999466763
0.032739751,0.2488072963,0.1498988269,0.0499943824
0.034489623,0.2487437093,0.1498934172,0.04999408193
0.036333021,0.2486767453,0.1498877185,0.04999376541
0.038274945,0.2486062263,0.1498817156,0.04999343197
0.040320661,0.2485319648,0.1498753921,0.0499930807
0.042475716,0.2484537637,0.1498687311,0.04999271067
0.044745954,0.2483714157,0.1498617144,0.04999232087
0.047137531,0.2482847027,0.1498543232,0.04999191023
0.049656934,0.2481933953,0.1498465374,0.04999147765
0.052310993,0.2480972525,0.149838336,0.04999102196
0.055106906,0.2479960206,0.1498296969,0.04999054192
0.058052255,0.247889433,0.1498205967,0.04999003622
0.061155027,0.2477772095,0.1498110109,0.04998950351
0.064423635,0.2476590556,0.1498009136,0.04998894233
0.067866944,0.2475346616,0.1497902776,0.04998835116
0.07149429,0.2474037022,0.1497790741,0.04998772841
0.07531551,0.2472658355,0.149767273,0.04998707238
0.079340967,0.2471207024,0.1497548424,0.0499863813
0.083581575,0.2469679257,0.1497417488,0.0499856533
0.088048836,0.2468071091,0.149727957,0.0499848864
0.092754862,0.2466378367,0.1497134298,0.04998407853
0.097712415,0.2464596716,0.149698128,0.04998322749
0.10293494,0.2462721552,0.1496820105,0.049982331
0.1084366,0.2460748064,0.149665034,0.0499813866
0.11423231,0.2458671204,0.1496471528,0.04998039176
0.12033778,0.2456485678,0.1496283188,0.04997934377
0.12676959,0.2454185921,0.1496084814,0.0499782398
0.13354516,0.2451766117,0.1495875873,0.04997707685
0.14068287,0.2449220157,0.1495655805,0.04997585179
0.14820207,0.2446541644,0.1495424019,0.04997456129
0.15612316,0.244372387,0.1495179894,0.04997320186
0.16446762,0.2440759813,0.1494922775,0.04997176982
0.17325807,0.2437642124,0.1494651975,0.0499702613
0.18251835,0.2434363107,0.1494366768,0.04996867222
0.19227357,0.2430914709,0.1494066392,0.04996699827
0.20255019,0.2427288509,0.1493750045,0.04996523493
0.21337608,0.2423475701,0.1493416881,0.04996337743
0.22478058,0.241946709,0.1493066012,0.04996142074
0.23679464,0.2415253058,0.1492696503,0.04995935957
0.24945081,0.2410823582,0.149230737,0.04995718836
0.26278344,0.2406168181,0.1491897577,0.04995490123
0.27682866,0.2401275944,0.1491466037,0.049952492
0.29162458,0.2396135482,0.1491011602,0.04994995416
0.3072113,0.2390734945,0.1490533069,0.04994728085
0.3236311,0.2385061988,0.149002917,0.04994446486
0.34092851,0.2379103769,0.1489498572,0.04994149858
0.35915042,0.2372846946,0.1488939874,0.04993837399
0.37834626,0.236627765,0.1488351602,0.04993508267
0.39856808,0.2359381495,0.1487732207,0.04993161573
0.41987071,0.2352143564,0.148708006,0.04992796382
0.44231192,0.2344548401,0.1486393448,0.04992411709
0.46595257,0.2336580013,0.1485670574,0.04992006517
0.49085676,0.2328221869,0.1484909546,0.04991579713
0.51709202,0.2319456903,0.1484108377,0.04991130147
0.54472951,0.2310267507,0.148326498,0.04990656608
0.57384416,0.2300635561,0.1482377162,0.0499015782
0.60451494,0.2290542421,0.1481442621,0.04989632442
0.63682499,0.2279968962,0.1480458939,0.04989079059
0.67086196,0.2268895558,0.1479423576,0.04988496183
0.70671813,0.2257302152,0.1478333869,0.04987882246
0.74449073,0.2245168258,0.147718702,0.04987235599
0.78428221,0.2232472995,0.1475980094,0.04986554505
0.82620045,0.2219195157,0.1474710013,0.04985837135
0.87035914,0.220531323,0.1473373548,0.04985081564
0.91687801,0.2190805476,0.1471967313,0.04984285767
0.96588322,0.2175649977,0.1470487758,0.04983447609
1.0175077,0.2159824716,0.1468931162,0.04982564845
1.0718913,0.2143307718,0.1467293633,0.04981635115
1.1291817,0.2126076987,0.1465571081,0.04980655929
1.1895341,0.2108110828,0.1463759238,0.04979624671
1.2531122,0.2089387791,0.1461853628,0.04978538587
1.3200884,0.2069886875,0.1459849571,0.04977394778
1.3906444,0.2049587629,0.1457742167,0.04976190194
1.4649714,0.2028470389,0.1455526303,0.04974921627
1.5432711,0.200651631,0.1453196623,0.04973585698
1.6257557,0.1983707694,0.1450747543,0.04972178859
1.7126489,0.1960028068,0.1448173228,0.04970697372
1.8041864,0.1935462418,0.1445467587,0.04969137306
1.9006164,0.1909997448,0.1442624269,0.04967494527
2.0022004,0.1883621771,0.1439636655,0.04965764688
2.1092138,0.185632618,0.1436497849,0.04963943217
2.2219469,0.1828103838,0.1433200667,0.04962025306
2.3407053,0.1798950631,0.1429737644,0.049600059
2.4658111,0.1768865346,0.142610101,0.04957879686
2.5976035,0.1737850006,0.14222827,0.04955641078
2.73644,0.1705910078,0.1418274335,0.04953284203
2.882697,0.1673054829,0.1414067233,0.04950802892
3.0367711,0.1639297525,0.1409652398,0.04948190661
3.1990802,0.1604655689,0.1405020513,0.04945440697
3.3700643,0.1569151406,0.1400161954,0.04942545846
3.5501872,0.1532811449,0.1395066773,0.04939498588
3.7399373,0.1495667567,0.1389724713,0.04936291032
3.9398291,0.1457756619,0.1384125211,0.0493291489
4.1504048,0.1419120668,0.1378257394,0.04929361458
4.3722352,0.1379807175,0.1372110107,0.04925621608
4.605922,0.1339868906,0.1365671899,0.04921685754
4.8520989,0.1299364011,0.1358931056,0.0491754384
5.1114335,0.1258355918,0.1351875609,0.0491318532
5.3846289,0.1216913218,0.1344493361,0.04908599135
5.6724261,0.1175109384,0.1336771899,0.04903773687
5.9756054,0.1133022566,0.1328698635,0.04898696824
6.294989,0.1090735155,0.1320260829,0.04893355809
6.631443,0.1048333372,0.1311445628,0.04887737299
6.9858797,0.1005906747,0.130224011,0.04881827326
7.3592604,0.09635474824,0.1292631323,0.0487561126
7.7525975,0.09213498375,0.1282606351,0.04869073798
8.1669576,0.08794093543,0.1272152363,0.04862198926
8.6034644,0.08378220683,0.1261256677,0.048549699
9.0633016,0.07966836904,0.1249906833,0.04847369219
9.5477161,0.07560887443,0.1238090677,0.04839378596
10.058022,0.07161296416,0.1225796426,0.04830978929
10.595602,0.06768959759,0.1213012814,0.04822150301
11.161915,0.0638473379,0.1199729099,0.04812871899
11.758496,0.06009430119,0.1185935265,0.04803122054
12.386963,0.05643806161,0.1171622073,0.04792878167
13.04902,0.05288559322,0.1156781214,0.04782116713
13.746463,0.04944320406,0.1141405402,0.04770813194
14.481182,0.04611650277,0.1125488572,0.04758942168
15.255171,0.0429103393,0.1109025914,0.04746477146
16.070528,0.03982880574,0.109201413,0.04733390666
16.929464,0.03687520942,0.1074451511,0.04719654225
17.834309,0.03405207485,0.1056338084,0.04705238267
18.787515,0.03136116587,0.1037675832,0.04690112231
19.791669,0.02880348938,0.1018468713,0.04674244439
20.849492,0.02637934937,0.09987229661,0.04657602234
21.963854,0.02408836615,0.09784471006,0.04640151857
23.137776,0.02192953512,0.0957652143,0.04621858554
24.374442,0.01990126703,0.0936351688,0.04602686533
25.677204,0.01800144515,0.0914562073,0.04582599048
27.049597,0.01622746736,0.08923023734,0.04561558339
28.495342,0.01457630635,0.08695945898,0.04539525778
30.018358,0.01304455374,0.08464636664,0.04516461892
31.622777,0.01162846144,0.08229374556,0.04492326358
