obs_id,source_id,label,time_bin,rank_in_bin,mjd,cat_exposure,cat_npcu,cat_std1rate,pointing_sep_deg
93200-01-03-00,4U1735-44,NS,12,3,55122.84054,4805.0,1,229.1199951171875,0.0
93200-01-01-01,4U1735-44,NS,12,4,54879.53976,2707.0,1,153.75999450683594,0.0
93200-01-01-03,4U1735-44,NS,12,5,54879.33273,3808.0,1,155.22999572753906,0.0
93200-01-01-04,4U1735-44,NS,12,6,54879.59445,2607.0,1,153.41000366210938,0.0
93200-01-02-01,4U1735-44,NS,12,7,54975.14523,5791.0,1,258.5599975585937,0.0
93200-01-01-02,4U1735-44,NS,12,8,54879.86398,9565.0,1,172.6999969482422,0.0
93200-01-03-010,4U1735-44,NS,12,9,55123.07101,16942.0,1,235.55999755859372,0.0
90043-01-02-00,GS1826-238,NS,10,3,53963.57492,3001.0,1,171.8699951171875,0.0001
90043-01-02-000,GS1826-238,NS,10,4,53963.05929,17159.0,1,138.39999389648438,0.0001
90043-01-02-03,GS1826-238,NS,10,5,53962.84445,2048.0,1,136.86000061035156,0.0001
90043-01-03-00,GS1826-238,NS,10,6,53966.1882,1792.0,2,130.00999450683594,0.0001
90043-01-02-001,GS1826-238,NS,10,7,53963.38351,14800.0,1,151.3699951171875,0.0001
