obs_id,source_id,label,event,t_peak,peak_rate,persistent_rate,peak_ratio,rise_s,decay_half_s,n_bins_above_25pct,burst_start,burst_end,n_candidate_bins,mean_rate,sd_rate,peak_ratio_ok,rise_ok,decay_ok,width_ok,auto_burst
90428-01-01-07,GROJ1655-40,BH,0,352404583.5,495.0,297.0,1.6666666666666667,2.0,1.0,3,352404581.5,352404585.5,1,302.91322470632815,47.79497520229513,True,True,False,True,False
90428-01-01-07,GROJ1655-40,BH,1,352405104.5,507.0,320.0,1.584375,4.0,1.0,4,352405100.5,352405106.5,1,302.91322470632815,47.79497520229513,True,True,False,True,False
90428-01-01-07,GROJ1655-40,BH,2,352405411.5,516.0,343.0,1.5043731778425655,1.0,1.0,1,352405410.5,352405412.5,1,302.91322470632815,47.79497520229513,True,True,False,False,False
91702-01-56-03,GROJ1655-40,BH,0,358737938.5,7073.0,4584.0,1.5429755671902268,4.0,1.0,5,358737934.5,358737942.5,1,4431.144500359454,498.2460263481235,True,True,False,True,False
91702-01-81-00,GROJ1655-40,BH,0,369835771.5,260.0,178.5,1.4565826330532212,1.0,1.0,1,369835770.5,369835772.5,1,184.46324679386925,17.66967373432437,False,True,False,False,False
91702-01-81-00,GROJ1655-40,BH,1,369838172.5,262.0,183.5,1.4277929155313351,1.0,1.0,1,369838171.5,369838173.5,1,184.46324679386925,17.66967373432437,False,True,False,False,False
91702-01-86-04,GROJ1655-40,BH,0,370329720.5,225.0,147.5,1.5254237288135593,1.0,1.0,1,370329719.5,370329722.5,1,136.67768174885612,21.095030944958868,True,True,False,False,False
50703-01-11-00,GRS1915+105,BH,0,201835211.5,5897.0,1644.5,3.585892368501064,5.0,3.0,8,201835206.5,201835216.5,1,1991.2728995578016,956.5804298801459,True,True,True,True,True
70702-01-02-00,GRS1915+105,BH,0,263441345.5,2005.0,1376.0,1.4571220930232558,2.0,1.0,2,263441343.5,263441347.5,1,1390.9204619742864,90.41147550354654,False,True,False,False,False
70702-01-02-00,GRS1915+105,BH,1,263441991.5,1810.0,1390.5,1.3016900395541173,1.0,1.0,3,263441990.5,263441994.5,1,1390.9204619742864,90.41147550354654,False,True,False,True,False
70702-01-02-00,GRS1915+105,BH,2,263443160.5,1850.0,1391.5,1.329500538986705,2.0,1.0,2,263443158.5,263443161.5,1,1390.9204619742864,90.41147550354654,False,True,False,False,False
70702-01-02-00,GRS1915+105,BH,3,263443279.5,1759.0,1373.0,1.2811361981063365,1.0,1.0,1,263443278.5,263443280.5,1,1390.9204619742864,90.41147550354654,False,True,False,False,False
70702-01-02-00,GRS1915+105,BH,4,263443726.5,1862.0,1403.0,1.3271560940841054,2.0,1.0,2,263443724.5,263443728.5,1,1390.9204619742864,90.41147550354654,False,True,False,False,False
70702-01-02-00,GRS1915+105,BH,5,263443806.5,1946.0,1396.5,1.3934837092731829,1.0,1.0,1,263443805.5,263443807.5,1,1390.9204619742864,90.41147550354654,False,True,False,False,False
70702-01-02-00,GRS1915+105,BH,6,263444190.5,1779.0,1375.5,1.2933478735005453,1.0,1.0,1,263444189.5,263444191.5,1,1390.9204619742864,90.41147550354654,False,True,False,False,False
70702-01-02-00,GRS1915+105,BH,7,263447052.5,1818.0,1353.5,1.3431843369043222,1.0,1.0,1,263447051.5,263447053.5,2,1390.9204619742864,90.41147550354654,False,True,False,False,False
70702-01-02-00,GRS1915+105,BH,8,263447083.5,1874.0,1357.5,1.3804788213627992,2.0,2.0,3,263447081.5,263447085.5,2,1390.9204619742864,90.41147550354654,False,True,False,True,False
70702-01-02-00,GRS1915+105,BH,9,263447459.5,1768.0,1387.5,1.2742342342342343,1.0,2.0,2,263447458.5,263447461.5,1,1390.9204619742864,90.41147550354654,False,True,False,False,False
70702-01-02-00,GRS1915+105,BH,10,263449960.5,1952.0,1378.5,1.416031918752267,2.0,1.0,2,263449958.5,263449962.5,1,1390.9204619742864,90.41147550354654,False,True,False,False,False
91701-01-83-00,GRS1915+105,BH,0,465927842.5,5877.0,1618.0,3.6322620519159456,5.0,4.0,9,465927837.5,465927847.5,1,1987.0008936550491,964.713854605702,True,True,True,True,True
91701-01-83-00,GRS1915+105,BH,1,465927897.5,6144.0,1677.5,3.6625931445603577,4.0,3.0,7,465927893.5,465927902.5,1,1987.0008936550491,964.713854605702,True,True,True,True,True
91701-01-83-00,GRS1915+105,BH,2,465928230.5,5902.0,1650.0,3.576969696969697,6.0,3.0,9,465928224.5,465928235.5,1,1987.0008936550491,964.713854605702,True,True,True,True,True
50135-01-15-00,XTEJ1550-564,BH,0,203096014.5,229.0,154.5,1.4822006472491909,2.0,1.0,2,203096012.5,203096015.5,1,137.51508462104488,19.76069937298634,False,True,False,False,False
50135-01-15-00,XTEJ1550-564,BH,1,203096298.5,217.0,138.0,1.5724637681159421,5.0,1.0,8,203096293.5,203096303.5,1,137.51508462104488,19.76069937298634,True,True,False,True,False
50137-02-09-00,XTEJ1550-564,BH,0,223753654.5,575.0,245.0,2.3469387755102042,5.0,3.0,8,223753649.5,223753659.5,1,254.37967914438502,76.00241004900968,True,True,True,True,True
50137-02-09-00,XTEJ1550-564,BH,1,223755584.5,688.0,273.0,2.52014652014652,3.0,3.0,5,223755581.5,223755588.5,3,254.37967914438502,76.00241004900968,True,True,True,True,True
60428-01-03-00,XTEJ1550-564,BH,0,253678065.5,1693.0,714.0,2.3711484593837535,2.0,2.0,4,253678063.5,253678068.5,1,744.4628182505671,182.5348862275824,True,True,False,True,False
60428-01-03-00,XTEJ1550-564,BH,1,253678402.5,1818.0,693.5,2.621485219899063,2.0,2.0,3,253678400.5,253678404.5,1,744.4628182505671,182.5348862275824,True,True,False,True,False
60428-01-03-00,XTEJ1550-564,BH,2,253679022.5,1952.0,739.5,2.6396213657876944,2.0,1.0,2,253679020.5,253679026.5,1,744.4628182505671,182.5348862275824,True,True,False,False,False
60428-01-03-00,XTEJ1550-564,BH,3,253679618.5,1705.0,706.0,2.415014164305949,1.0,2.0,3,253679617.5,253679622.5,1,744.4628182505671,182.5348862275824,True,True,False,True,False
60428-01-03-00,XTEJ1550-564,BH,4,253679660.5,1716.0,792.0,2.1666666666666665,3.0,1.0,3,253679657.5,253679661.5,2,744.4628182505671,182.5348862275824,True,True,False,True,False
60428-01-03-00,XTEJ1550-564,BH,5,253679720.5,1492.0,768.0,1.9427083333333333,1.0,2.0,2,253679719.5,253679722.5,2,744.4628182505671,182.5348862275824,True,True,False,False,False
60428-01-03-00,XTEJ1550-564,BH,6,253679943.5,1494.0,749.0,1.9946595460614152,2.0,1.0,3,253679941.5,253679946.5,1,744.4628182505671,182.5348862275824,True,True,False,True,False
60428-01-03-00,XTEJ1550-564,BH,7,253680008.5,1487.0,745.5,1.9946344735077128,2.0,2.0,5,253680006.5,253680012.5,1,744.4628182505671,182.5348862275824,True,True,False,True,False
60428-01-03-00,XTEJ1550-564,BH,8,253680070.5,1497.0,657.5,2.27680608365019,3.0,2.0,4,253680067.5,253680072.5,1,744.4628182505671,182.5348862275824,True,True,False,True,False
60428-01-03-00,XTEJ1550-564,BH,9,253680716.5,1700.0,784.5,2.1669853409815167,2.0,1.0,3,253680714.5,253680718.5,1,744.4628182505671,182.5348862275824,True,True,False,True,False
60428-01-03-00,XTEJ1550-564,BH,10,253680943.5,1696.0,690.5,2.4561911658218682,3.0,1.0,3,253680940.5,253680944.5,1,744.4628182505671,182.5348862275824,True,True,False,True,False
60428-01-03-00,XTEJ1550-564,BH,11,253681157.5,1509.0,654.5,2.3055767761650117,2.0,2.0,3,253681155.5,253681165.5,1,744.4628182505671,182.5348862275824,True,True,False,True,False
60428-01-03-00,XTEJ1550-564,BH,12,253681586.5,1506.0,724.5,2.0786749482401654,2.0,1.0,2,253681584.5,253681589.5,1,744.4628182505671,182.5348862275824,True,True,False,False,False
60428-01-05-00,XTEJ1550-564,BH,0,254055212.5,860.0,401.0,2.144638403990025,1.0,1.0,5,254055211.5,254055217.5,1,391.09097295398664,100.65474003023,True,True,False,True,False
60428-01-05-00,XTEJ1550-564,BH,1,254055708.5,794.0,435.0,1.825287356321839,7.0,2.0,8,254055701.5,254055710.5,1,391.09097295398664,100.65474003023,True,True,False,True,False
60428-01-05-00,XTEJ1550-564,BH,2,254055785.5,823.0,353.0,2.331444759206799,4.0,2.0,6,254055781.5,254055789.5,2,391.09097295398664,100.65474003023,True,True,False,True,False
60428-01-05-00,XTEJ1550-564,BH,3,254056152.5,1280.0,353.0,3.6260623229461757,2.0,1.0,3,254056150.5,254056155.5,1,391.09097295398664,100.65474003023,True,True,False,True,False
60428-01-05-00,XTEJ1550-564,BH,4,254056359.5,1343.0,344.0,3.9040697674418605,5.0,2.0,7,254056354.5,254056362.5,3,391.09097295398664,100.65474003023,True,True,False,True,False
60428-01-05-00,XTEJ1550-564,BH,5,254056524.5,906.0,348.0,2.603448275862069,3.0,2.0,5,254056521.5,254056529.5,3,391.09097295398664,100.65474003023,True,True,False,True,False
60428-01-05-00,XTEJ1550-564,BH,6,254056783.5,828.0,377.5,2.1933774834437085,4.0,1.0,4,254056779.5,254056785.5,1,391.09097295398664,100.65474003023,True,True,False,True,False
60428-01-05-00,XTEJ1550-564,BH,7,254057306.5,815.0,355.5,2.292545710267229,3.0,1.0,5,254057303.5,254057310.5,1,391.09097295398664,100.65474003023,True,True,False,True,False
60428-01-09-00,XTEJ1550-564,BH,0,254706045.5,297.0,134.0,2.216417910447761,5.0,3.0,11,254706040.5,254706052.5,1,139.23254817987151,33.722718222911645,True,True,True,True,True
60428-01-09-00,XTEJ1550-564,BH,1,254706754.5,312.0,127.0,2.456692913385827,6.0,4.0,12,254706748.5,254706764.5,3,139.23254817987151,33.722718222911645,True,True,True,True,True
60428-01-09-00,XTEJ1550-564,BH,2,254707124.5,305.0,131.0,2.3282442748091605,3.0,2.0,17,254707121.5,254707139.5,1,139.23254817987151,33.722718222911645,True,True,False,True,False
60428-01-09-00,XTEJ1550-564,BH,3,254707438.5,281.0,148.0,1.8986486486486487,3.0,3.0,5,254707435.5,254707444.5,1,139.23254817987151,33.722718222911645,True,True,True,True,True
60428-01-09-00,XTEJ1550-564,BH,4,254707893.5,280.0,136.0,2.0588235294117645,3.0,2.0,6,254707890.5,254707901.5,1,139.23254817987151,33.722718222911645,True,True,False,True,False
60428-01-15-00,XTEJ1550-564,BH,0,255802542.5,69.0,32.0,2.15625,4.0,1.0,4,255802538.5,255802547.5,1,36.50896551724138,7.198198215563051,True,True,False,True,False
60428-01-15-00,XTEJ1550-564,BH,1,255803177.5,73.0,38.0,1.9210526315789473,2.0,1.0,3,255803175.5,255803181.5,1,36.50896551724138,7.198198215563051,True,True,False,True,False
80135-01-01-01,XTEJ1550-564,BH,0,291414173.5,1544.0,752.5,2.051827242524917,4.0,1.0,7,291414169.5,291414177.5,3,619.2660158633313,193.85773926585023,True,True,False,True,False
80135-01-01-01,XTEJ1550-564,BH,1,291414632.5,1528.0,642.5,2.3782101167315175,3.0,1.0,3,291414629.5,291414637.5,1,619.2660158633313,193.85773926585023,True,True,False,True,False
80135-01-01-01,XTEJ1550-564,BH,2,291414725.5,1655.0,615.0,2.6910569105691056,2.0,2.0,3,291414723.5,291414728.5,1,619.2660158633313,193.85773926585023,True,True,False,True,False
80135-01-01-01,XTEJ1550-564,BH,3,291415092.5,1441.0,740.5,1.9459824442943956,2.0,2.0,3,291415090.5,291415095.5,1,619.2660158633313,193.85773926585023,True,True,False,True,False
80135-01-01-01,XTEJ1550-564,BH,4,291415321.5,1983.0,775.5,2.5570599613152805,1.0,2.0,4,291415320.5,291415330.5,3,619.2660158633313,193.85773926585023,True,True,False,True,False
80135-01-01-01,XTEJ1550-564,BH,5,291416320.5,1468.0,688.5,2.132171387073348,3.0,2.0,4,291416317.5,291416324.5,1,619.2660158633313,193.85773926585023,True,True,False,True,False
80135-01-02-01,XTEJ1550-564,BH,0,291725851.5,1191.0,438.0,2.719178082191781,3.0,1.0,7,291725848.5,291725857.5,2,464.7014624306606,147.98928227428488,True,True,False,True,False
80135-01-02-01,XTEJ1550-564,BH,1,291725994.5,1133.0,408.5,2.773561811505508,7.0,2.0,9,291725987.5,291726000.5,2,464.7014624306606,147.98928227428488,True,True,False,True,False
80135-01-02-01,XTEJ1550-564,BH,2,291726102.5,1283.0,426.0,3.011737089201878,6.0,2.0,10,291726096.5,291726107.5,1,464.7014624306606,147.98928227428488,True,True,False,True,False
80135-01-02-01,XTEJ1550-564,BH,3,291727126.5,1479.0,470.0,3.146808510638298,4.0,1.0,4,291727122.5,291727130.5,1,464.7014624306606,147.98928227428488,True,True,False,True,False
80135-01-02-01,XTEJ1550-564,BH,4,291727325.5,1114.0,477.5,2.3329842931937175,6.0,1.0,7,291727319.5,291727327.5,2,464.7014624306606,147.98928227428488,True,True,False,True,False
80135-01-02-01,XTEJ1550-564,BH,5,291727452.5,1079.0,437.0,2.469107551487414,4.0,1.0,4,291727448.5,291727457.5,1,464.7014624306606,147.98928227428488,True,True,False,True,False
80135-01-03-10,XTEJ1550-564,BH,0,292250096.5,695.0,314.0,2.213375796178344,2.0,2.0,3,292250094.5,292250107.5,5,264.5409656181419,88.97860824727526,True,True,False,True,False
80135-01-03-10,XTEJ1550-564,BH,1,292250357.5,675.0,263.5,2.5616698292220113,5.0,3.0,10,292250352.5,292250369.5,2,264.5409656181419,88.97860824727526,True,True,True,True,True
80135-01-03-10,XTEJ1550-564,BH,2,292250474.5,704.0,238.0,2.957983193277311,4.0,2.0,10,292250470.5,292250481.5,3,264.5409656181419,88.97860824727526,True,True,False,True,False
80135-01-03-10,XTEJ1550-564,BH,3,292250734.5,691.0,262.0,2.6374045801526718,4.0,1.0,5,292250730.5,292250739.5,2,264.5409656181419,88.97860824727526,True,True,False,True,False
80135-01-03-10,XTEJ1550-564,BH,4,292251272.5,684.0,283.0,2.4169611307420493,5.0,2.0,9,292251267.5,292251277.5,3,264.5409656181419,88.97860824727526,True,True,False,True,False
80135-01-03-10,XTEJ1550-564,BH,5,292251721.5,762.0,265.0,2.8754716981132074,5.0,2.0,7,292251716.5,292251725.5,3,264.5409656181419,88.97860824727526,True,True,False,True,False
80135-01-04-02,XTEJ1550-564,BH,0,292745462.5,710.0,258.5,2.746615087040619,4.0,3.0,8,292745458.5,292745468.5,3,257.4027616466641,82.91433571364199,True,True,True,True,True
80135-01-04-02,XTEJ1550-564,BH,1,292745761.5,651.0,261.5,2.4894837476099427,7.0,3.0,9,292745754.5,292745765.5,2,257.4027616466641,82.91433571364199,True,True,True,True,True
80135-01-04-02,XTEJ1550-564,BH,2,292748298.5,756.0,242.0,3.12396694214876,2169.0,3.0,10,292746129.5,292748303.5,5,257.4027616466641,82.91433571364199,True,False,True,True,False
80135-01-04-02,XTEJ1550-564,BH,3,292748409.5,644.0,236.0,2.7288135593220337,2.0,1.0,4,292748407.5,292748413.5,1,257.4027616466641,82.91433571364199,True,True,False,True,False
80135-01-04-02,XTEJ1550-564,BH,4,292749105.5,648.0,263.0,2.463878326996198,9.0,1.0,13,292749096.5,292749110.5,1,257.4027616466641,82.91433571364199,True,True,False,True,False
80135-01-04-02,XTEJ1550-564,BH,5,292749711.5,734.0,249.0,2.9477911646586343,4.0,1.0,9,292749707.5,292749718.5,2,257.4027616466641,82.91433571364199,True,True,False,True,False
80135-01-04-02,XTEJ1550-564,BH,6,292749914.5,662.0,236.5,2.799154334038055,3.0,4.0,7,292749911.5,292749920.5,1,257.4027616466641,82.91433571364199,True,True,True,True,True
80135-01-04-02,XTEJ1550-564,BH,7,292750076.5,613.0,243.0,2.522633744855967,4.0,1.0,5,292750072.5,292750078.5,1,257.4027616466641,82.91433571364199,True,True,False,True,False
80135-01-04-02,XTEJ1550-564,BH,8,292750194.5,707.0,273.5,2.5850091407678244,3.0,4.0,7,292750191.5,292750199.5,4,257.4027616466641,82.91433571364199,True,True,True,True,True
80135-01-04-02,XTEJ1550-564,BH,9,292750615.5,699.0,257.5,2.7145631067961165,8.0,1.0,10,292750607.5,292750619.5,4,257.4027616466641,82.91433571364199,True,True,False,True,False
80135-01-04-02,XTEJ1550-564,BH,10,292750833.5,602.0,262.5,2.2933333333333334,1.0,1.0,2,292750832.5,292750835.5,1,257.4027616466641,82.91433571364199,True,True,False,False,False
80135-01-04-02,XTEJ1550-564,BH,11,292750914.5,717.0,267.0,2.6853932584269664,5.0,1.0,7,292750909.5,292750917.5,2,257.4027616466641,82.91433571364199,True,True,False,True,False
80135-01-04-02,XTEJ1550-564,BH,12,292751133.5,737.0,274.0,2.68978102189781,5.0,1.0,7,292751128.5,292751136.5,1,257.4027616466641,82.91433571364199,True,True,False,True,False
80135-01-04-02,XTEJ1550-564,BH,13,292751367.5,686.0,299.5,2.290484140233723,7.0,1.0,8,292751360.5,292751369.5,1,257.4027616466641,82.91433571364199,True,True,False,True,False
80135-01-04-02,XTEJ1550-564,BH,14,292751430.5,623.0,194.5,3.203084832904884,2.0,1.0,6,292751428.5,292751437.5,1,257.4027616466641,82.91433571364199,True,True,False,True,False
80135-01-04-02,XTEJ1550-564,BH,15,292754882.5,594.0,248.0,2.3951612903225805,6.0,2.0,7,292754876.5,292754888.5,1,257.4027616466641,82.91433571364199,True,True,False,True,False
80135-01-04-02,XTEJ1550-564,BH,16,292755091.5,620.0,253.0,2.450592885375494,3.0,1.0,9,292755088.5,292755098.5,1,257.4027616466641,82.91433571364199,True,True,False,True,False
80135-01-04-02,XTEJ1550-564,BH,17,292755328.5,619.0,222.0,2.7882882882882885,2.0,1.0,4,292755326.5,292755337.5,1,257.4027616466641,82.91433571364199,True,True,False,True,False
80135-01-04-02,XTEJ1550-564,BH,18,292755396.5,659.0,236.5,2.7864693446088795,3.0,1.0,4,292755393.5,292755400.5,2,257.4027616466641,82.91433571364199,True,True,False,True,False
80135-01-04-02,XTEJ1550-564,BH,19,292755501.5,737.0,204.5,3.6039119804400976,2.0,2.0,4,292755499.5,292755505.5,1,257.4027616466641,82.91433571364199,True,True,False,True,False
80135-01-04-02,XTEJ1550-564,BH,20,292755649.5,633.0,231.5,2.734341252699784,1.0,3.0,5,292755648.5,292755658.5,1,257.4027616466641,82.91433571364199,True,True,True,True,True
80135-01-04-02,XTEJ1550-564,BH,21,292756101.5,667.0,304.0,2.1940789473684212,1.0,1.0,1,292756100.5,292756102.5,1,257.4027616466641,82.91433571364199,True,True,False,False,False
80135-01-04-02,XTEJ1550-564,BH,22,292756664.5,753.0,240.0,3.1375,12.0,4.0,16,292756652.5,292756673.5,4,257.4027616466641,82.91433571364199,True,False,True,True,False
80135-01-04-02,XTEJ1550-564,BH,23,292757305.5,620.0,243.5,2.546201232032854,5.0,2.0,7,292757300.5,292757308.5,1,257.4027616466641,82.91433571364199,True,True,False,True,False
80135-01-04-02,XTEJ1550-564,BH,24,292760415.5,661.0,266.0,2.4849624060150375,6.0,3.0,8,292760409.5,292760419.5,2,257.4027616466641,82.91433571364199,True,True,True,True,True
80135-01-04-02,XTEJ1550-564,BH,25,292760563.5,613.0,230.5,2.6594360086767894,4.0,1.0,5,292760559.5,292760566.5,1,257.4027616466641,82.91433571364199,True,True,False,True,False
80135-01-04-02,XTEJ1550-564,BH,26,292760818.5,597.0,253.0,2.3596837944664033,7.0,2.0,9,292760811.5,292760821.5,1,257.4027616466641,82.91433571364199,True,True,False,True,False
80135-01-04-02,XTEJ1550-564,BH,27,292761240.5,621.0,261.5,2.374760994263862,9.0,1.0,10,292761231.5,292761244.5,1,257.4027616466641,82.91433571364199,True,True,False,True,False
80135-01-04-02,XTEJ1550-564,BH,28,292761319.5,620.0,258.5,2.3984526112185685,5.0,5.0,10,292761314.5,292761325.5,3,257.4027616466641,82.91433571364199,True,True,True,True,True
80135-01-04-02,XTEJ1550-564,BH,29,292761425.5,664.0,263.5,2.519924098671727,4.0,2.0,6,292761421.5,292761428.5,3,257.4027616466641,82.91433571364199,True,True,False,True,False
80135-01-04-02,XTEJ1550-564,BH,30,292761612.5,687.0,239.0,2.8744769874476988,3.0,2.0,4,292761609.5,292761617.5,2,257.4027616466641,82.91433571364199,True,True,False,True,False
80135-01-04-02,XTEJ1550-564,BH,31,292761758.5,745.0,269.5,2.764378478664193,2.0,2.0,4,292761756.5,292761761.5,2,257.4027616466641,82.91433571364199,True,True,False,True,False
80135-01-04-02,XTEJ1550-564,BH,32,292762609.5,942.0,245.0,3.8448979591836734,3.0,1.0,4,292762606.5,292762614.5,2,257.4027616466641,82.91433571364199,True,True,False,True,False
80135-01-04-02,XTEJ1550-564,BH,33,292763116.5,690.0,260.5,2.6487523992322455,2.0,3.0,5,292763114.5,292763121.5,2,257.4027616466641,82.91433571364199,True,True,True,True,True
80135-01-04-02,XTEJ1550-564,BH,34,292765490.5,1039.0,262.0,3.9656488549618323,7.0,1.0,8,292765483.5,292765493.5,4,257.4027616466641,82.91433571364199,True,True,False,True,False
80135-01-04-02,XTEJ1550-564,BH,35,292766613.5,634.0,255.5,2.4814090019569472,3.0,2.0,5,292766610.5,292766618.5,1,257.4027616466641,82.91433571364199,True,True,False,True,False
80135-01-04-02,XTEJ1550-564,BH,36,292767116.5,712.0,211.5,3.3664302600472813,2.0,2.0,4,292767114.5,292767120.5,1,257.4027616466641,82.91433571364199,True,True,False,True,False
80135-01-04-02,XTEJ1550-564,BH,37,292767508.5,627.0,237.5,2.64,3.0,2.0,4,292767505.5,292767518.5,1,257.4027616466641,82.91433571364199,True,True,False,True,False
80135-01-04-02,XTEJ1550-564,BH,38,292767611.5,721.0,239.5,3.010438413361169,7.0,3.0,12,292767604.5,292767618.5,2,257.4027616466641,82.91433571364199,True,True,True,True,True
80135-01-04-02,XTEJ1550-564,BH,39,292767970.5,633.0,274.0,2.31021897810219,2.0,1.0,3,292767968.5,292767972.5,2,257.4027616466641,82.91433571364199,True,True,False,True,False
80135-01-04-02,XTEJ1550-564,BH,40,292768139.5,634.0,243.5,2.6036960985626285,5.0,1.0,10,292768134.5,292768147.5,1,257.4027616466641,82.91433571364199,True,True,False,True,False
80135-01-04-02,XTEJ1550-564,BH,41,292768534.5,691.0,239.0,2.8912133891213387,3.0,2.0,4,292768531.5,292768537.5,1,257.4027616466641,82.91433571364199,True,True,False,True,False
80135-01-05-10,XTEJ1550-564,BH,0,293505887.5,879.0,320.0,2.746875,2.0,2.0,8,293505885.5,293505896.5,1,323.4192825112108,97.0819841480487,True,True,False,True,False
80135-01-05-10,XTEJ1550-564,BH,1,293506050.5,731.0,360.5,2.027739251040222,3.0,2.0,5,293506047.5,293506053.5,1,323.4192825112108,97.0819841480487,True,True,False,True,False
80135-01-05-10,XTEJ1550-564,BH,2,293506277.5,953.0,300.0,3.1766666666666667,2.0,2.0,3,293506275.5,293506281.5,2,323.4192825112108,97.0819841480487,True,True,False,True,False
80135-01-05-10,XTEJ1550-564,BH,3,293506416.5,1008.0,317.5,3.174803149606299,12.0,2.0,14,293506404.5,293506419.5,4,323.4192825112108,97.0819841480487,True,False,False,True,False
80135-01-05-10,XTEJ1550-564,BH,4,293506637.5,733.0,336.0,2.181547619047619,4.0,1.0,4,293506633.5,293506639.5,1,323.4192825112108,97.0819841480487,True,True,False,True,False
80135-01-05-10,XTEJ1550-564,BH,5,293507400.5,775.0,353.0,2.1954674220963173,9.0,1.0,9,293507391.5,293507405.5,2,323.4192825112108,97.0819841480487,True,True,False,True,False
70133-01-24-00,4U1543-47,BH,0,269242976.5,1734.0,1582.5,1.095734597156398,1.0,1.0,1,269242975.5,269242977.5,1,1570.2495490078172,40.11462407950674,False,True,False,False,False
70128-01-01-01,4U1543-47,BH,0,270262048.5,356.0,259.0,1.3745173745173744,1.0,1.0,1,270262047.5,270262049.5,1,263.1860672819291,22.361270291176844,False,True,False,False,False
70128-01-01-01,4U1543-47,BH,1,270262363.5,355.0,259.0,1.3706563706563706,1.0,1.0,2,270262362.5,270262365.5,1,263.1860672819291,22.361270291176844,False,True,False,False,False
70124-02-09-00,4U1543-47,BH,0,270760286.5,91.0,50.0,1.82,1.0,1.0,1,270760285.5,270760287.5,1,51.224489795918366,9.722091231798604,True,True,False,False,False
70124-02-09-00,4U1543-47,BH,1,270760779.5,92.0,48.0,1.9166666666666667,1.0,1.0,1,270760778.5,270760780.5,1,51.224489795918366,9.722091231798604,True,True,False,False,False
70124-02-10-00,4U1543-47,BH,0,270866668.5,159.0,79.5,2.0,1.0,1.0,1,270866667.5,270866669.5,1,85.06946039035591,13.045328447866883,True,True,False,False,False
70124-02-10-00,4U1543-47,BH,1,270868055.5,140.0,90.0,1.5555555555555556,1.0,1.0,1,270868054.5,270868057.5,1,85.06946039035591,13.045328447866883,True,True,False,False,False
80132-01-22-00,GX339-4,BH,0,325439172.5,329.0,152.0,2.164473684210526,3.0,2.0,4,325439169.5,325439174.5,1,147.74439132033837,43.425007548715186,True,True,False,True,False
80132-01-22-00,GX339-4,BH,1,325439391.5,397.0,128.0,3.1015625,2.0,1.0,4,325439389.5,325439396.5,2,147.74439132033837,43.425007548715186,True,True,False,True,False
80132-01-22-00,GX339-4,BH,2,325439576.5,328.0,144.5,2.2698961937716264,1.0,1.0,1,325439575.5,325439581.5,1,147.74439132033837,43.425007548715186,True,True,False,False,False
80132-01-22-00,GX339-4,BH,3,325439667.5,369.0,150.5,2.451827242524917,4.0,2.0,5,325439663.5,325439669.5,1,147.74439132033837,43.425007548715186,True,True,False,True,False
80132-01-22-00,GX339-4,BH,4,325439744.5,504.0,147.0,3.4285714285714284,2.0,1.0,3,325439742.5,325439746.5,2,147.74439132033837,43.425007548715186,True,True,False,True,False
80132-01-22-00,GX339-4,BH,5,325440098.5,363.0,133.0,2.7293233082706765,3.0,2.0,4,325440095.5,325440101.5,2,147.74439132033837,43.425007548715186,True,True,False,True,False
80132-01-22-00,GX339-4,BH,6,325440704.5,327.0,157.5,2.0761904761904764,2.0,2.0,3,325440702.5,325440706.5,1,147.74439132033837,43.425007548715186,True,True,False,True,False
80132-01-22-00,GX339-4,BH,7,325441241.5,354.0,128.0,2.765625,1.0,2.0,2,325441240.5,325441243.5,2,147.74439132033837,43.425007548715186,True,True,False,False,False
92034-08-01-00,GX339-4,BH,0,391877062.5,121.0,62.0,1.9516129032258065,4.0,1.0,5,391877058.5,391877064.5,1,62.556205728364645,11.907500650621694,True,True,False,True,False
92034-08-01-00,GX339-4,BH,1,391878277.5,162.0,74.0,2.189189189189189,1.0,3.0,4,391878276.5,391878291.5,16,62.556205728364645,11.907500650621694,True,True,True,True,True
92034-08-01-00,GX339-4,BH,2,391879124.5,111.0,60.0,1.85,1.0,2.0,5,391879123.5,391879129.5,1,62.556205728364645,11.907500650621694,True,True,False,True,False
92704-03-22-00,GX339-4,BH,0,423525832.5,203.0,117.5,1.7276595744680852,1.0,1.0,7,423525831.5,423525839.5,1,116.3002502085071,20.91624965237271,True,True,False,True,False
92704-03-22-00,GX339-4,BH,1,423526534.5,211.0,115.5,1.826839826839827,2.0,1.0,2,423526532.5,423526537.5,1,116.3002502085071,20.91624965237271,True,True,False,False,False
92704-03-22-00,GX339-4,BH,2,423526744.5,203.0,114.5,1.7729257641921397,1.0,2.0,2,423526743.5,423526746.5,1,116.3002502085071,20.91624965237271,True,True,False,False,False
92704-03-45-01,GX339-4,BH,0,426431251.5,361.0,134.5,2.684014869888476,2.0,1.0,3,426431249.5,426431254.5,1,128.36788048552754,32.34831809470488,True,True,False,True,False
92704-03-45-01,GX339-4,BH,1,426431281.5,264.0,129.0,2.046511627906977,5.0,1.0,7,426431276.5,426431291.5,1,128.36788048552754,32.34831809470488,True,True,False,True,False
92704-03-45-01,GX339-4,BH,2,426431785.5,314.0,124.0,2.532258064516129,2.0,1.0,2,426431783.5,426431787.5,2,128.36788048552754,32.34831809470488,True,True,False,False,False
93108-01-01-02,GX339-4,BH,0,461646390.5,193.0,55.5,3.4774774774774775,3.0,1.0,9,461646387.5,461646397.5,7,46.49848208864602,15.494083838820051,True,True,False,True,False
93108-01-01-02,GX339-4,BH,1,461646893.5,159.0,55.0,2.890909090909091,3.0,1.0,4,461646890.5,461646897.5,2,46.49848208864602,15.494083838820051,True,True,False,True,False
93108-01-01-02,GX339-4,BH,2,461647633.5,121.0,47.0,2.574468085106383,4.0,2.0,5,461647629.5,461647638.5,3,46.49848208864602,15.494083838820051,True,True,False,True,False
95409-01-02-02,GX339-4,BH,0,506719982.5,433.0,132.0,3.2803030303030303,7.0,10.0,22,506719975.5,506719998.5,5,138.99117322545052,57.82901388310789,True,True,True,True,True
95409-01-02-02,GX339-4,BH,1,506720117.5,388.0,136.5,2.8424908424908426,3.0,1.0,4,506720114.5,506720143.5,1,138.99117322545052,57.82901388310789,True,True,False,True,False
95409-01-02-02,GX339-4,BH,2,506720237.5,388.0,116.5,3.3304721030042916,2.0,1.0,3,506720235.5,506720241.5,1,138.99117322545052,57.82901388310789,True,True,False,True,False
95409-01-02-02,GX339-4,BH,3,506721286.5,546.0,170.5,3.2023460410557183,2.0,2.0,4,506721284.5,506721293.5,3,138.99117322545052,57.82901388310789,True,True,False,True,False
95409-01-02-02,GX339-4,BH,4,506721368.5,414.0,214.5,1.93006993006993,2.0,2.0,3,506721366.5,506721370.5,1,138.99117322545052,57.82901388310789,True,True,False,True,False
95409-01-29-00,GX339-4,BH,0,524426142.5,526.0,433.0,1.2147806004618937,1.0,1.0,2,524426141.5,524426144.5,1,432.01893004115226,22.646333738091002,False,True,False,False,False
96409-01-10-02,GX339-4,BH,0,542218571.5,69.0,34.5,2.0,2.0,1.0,3,542218569.5,542218574.5,1,36.59179556153329,7.370820708659261,True,True,False,True,False
60113-01-11-01,XTEJ1650-500,BH,0,243343785.5,4046.0,2994.0,1.351369405477622,1.0,1.0,1,243343784.5,243343786.5,1,2980.9031770045385,227.01581717047793,False,True,False,False,False
60113-01-23-00,XTEJ1650-500,BH,0,244541629.5,1995.0,1765.0,1.1303116147308783,1.0,1.0,1,244541628.5,244541630.5,1,1760.158918918919,58.33254748533241,False,True,False,False,False
60113-01-34-00,XTEJ1650-500,BH,0,247267443.5,1073.0,930.5,1.153143471252015,1.0,1.0,1,247267442.5,247267444.5,1,930.5682630450322,31.02912269528232,False,True,False,False,False
60118-02-28-00,XTEJ1650-500,BH,0,253908246.5,189.0,106.0,1.7830188679245282,4.0,2.0,8,253908242.5,253908253.5,2,104.7895030709101,15.681354579221475,True,True,False,True,False
60118-02-28-00,XTEJ1650-500,BH,1,253908527.5,173.0,110.0,1.5727272727272728,2.0,1.0,4,253908525.5,253908530.5,1,104.7895030709101,15.681354579221475,True,True,False,True,False
70124-01-02-00,XTEJ1650-500,BH,0,256492566.5,169.0,99.0,1.707070707070707,2.0,2.0,4,256492564.5,256492569.5,1,101.61160981448235,14.312594102813247,True,True,False,True,False
70124-01-02-00,XTEJ1650-500,BH,1,256492745.5,167.0,106.0,1.5754716981132075,2.0,1.0,4,256492743.5,256492749.5,1,101.61160981448235,14.312594102813247,True,True,False,True,False
70124-01-02-00,XTEJ1650-500,BH,2,256493461.5,159.0,112.0,1.4196428571428572,1.0,2.0,2,256493460.5,256493463.5,1,101.61160981448235,14.312594102813247,False,True,False,False,False
70124-01-02-00,XTEJ1650-500,BH,3,256494400.5,173.0,98.0,1.7653061224489797,1.0,1.0,2,256494399.5,256494402.5,1,101.61160981448235,14.312594102813247,True,True,False,False,False
70124-01-02-00,XTEJ1650-500,BH,4,256495672.5,176.0,103.0,1.7087378640776698,3.0,1.0,3,256495669.5,256495673.5,2,101.61160981448235,14.312594102813247,True,True,False,True,False
50407-01-07-01,XTEJ1118+480,BH,0,201658534.5,562.0,266.5,2.1088180112570356,1.0,1.0,3,201658533.5,201658538.5,2,240.42874323511725,62.065050864632674,True,True,False,True,False
50407-01-07-01,XTEJ1118+480,BH,1,201659114.5,602.0,208.5,2.8872901678657072,6.0,2.0,7,201659108.5,201659117.5,2,240.42874323511725,62.065050864632674,True,True,False,True,False
50407-01-07-01,XTEJ1118+480,BH,2,201659508.5,583.0,223.0,2.6143497757847536,3.0,1.0,4,201659505.5,201659510.5,2,240.42874323511725,62.065050864632674,True,True,False,True,False
50407-01-09-00,XTEJ1118+480,BH,0,202716226.5,573.0,207.0,2.7681159420289854,3.0,2.0,4,202716223.5,202716232.5,2,228.4898266767144,62.1011500333412,True,True,False,True,False
50407-01-09-00,XTEJ1118+480,BH,1,202716512.5,549.0,272.0,2.0183823529411766,3.0,1.0,3,202716509.5,202716513.5,1,228.4898266767144,62.1011500333412,True,True,False,True,False
50407-01-09-00,XTEJ1118+480,BH,2,202716898.5,554.0,208.0,2.6634615384615383,2.0,3.0,4,202716896.5,202716927.5,3,228.4898266767144,62.1011500333412,True,True,True,True,True
50407-01-10-01,XTEJ1118+480,BH,0,203716833.5,473.0,213.0,2.220657276995305,3.0,1.0,4,203716830.5,203716836.5,2,233.9394754539341,57.9055218772862,True,True,False,True,False
50407-01-10-01,XTEJ1118+480,BH,1,203716883.5,586.0,240.5,2.4365904365904365,3.0,2.0,4,203716880.5,203716886.5,1,233.9394754539341,57.9055218772862,True,True,False,True,False
50407-01-10-01,XTEJ1118+480,BH,2,203717087.5,489.0,213.5,2.2903981264637,3.0,4.0,7,203717084.5,203717092.5,1,233.9394754539341,57.9055218772862,True,True,True,True,True
50407-01-10-01,XTEJ1118+480,BH,3,203717143.5,483.0,219.0,2.2054794520547945,3.0,1.0,4,203717140.5,203717146.5,1,233.9394754539341,57.9055218772862,True,True,False,True,False
50407-01-10-01,XTEJ1118+480,BH,4,203717628.5,487.0,238.0,2.046218487394958,3.0,2.0,5,203717625.5,203717631.5,1,233.9394754539341,57.9055218772862,True,True,False,True,False
50133-01-05-00,XTEJ1118+480,BH,0,204507188.5,236.0,124.5,1.895582329317269,2.0,1.0,2,204507186.5,204507191.5,1,117.57129525942516,27.8329760340245,True,True,False,False,False
50133-01-05-00,XTEJ1118+480,BH,1,204507410.5,267.0,116.5,2.291845493562232,4.0,1.0,4,204507406.5,204507412.5,2,117.57129525942516,27.8329760340245,True,True,False,True,False
50133-01-05-00,XTEJ1118+480,BH,2,204507938.5,286.0,115.0,2.4869565217391303,2.0,2.0,4,204507936.5,204507944.5,1,117.57129525942516,27.8329760340245,True,True,False,True,False
50133-01-05-00,XTEJ1118+480,BH,3,204508011.5,255.0,118.0,2.1610169491525424,2.0,2.0,3,204508009.5,204508013.5,1,117.57129525942516,27.8329760340245,True,True,False,True,False
50133-01-05-00,XTEJ1118+480,BH,4,204508158.5,241.0,120.5,2.0,1.0,2.0,2,204508157.5,204508160.5,1,117.57129525942516,27.8329760340245,True,True,False,False,False
50133-01-05-00,XTEJ1118+480,BH,5,204508452.5,345.0,107.0,3.2242990654205608,1.0,1.0,1,204508451.5,204508455.5,1,117.57129525942516,27.8329760340245,True,True,False,False,False
50133-01-05-00,XTEJ1118+480,BH,6,204509058.5,289.0,113.0,2.5575221238938055,2.0,1.0,3,204509056.5,204509060.5,1,117.57129525942516,27.8329760340245,True,True,False,True,False
50133-01-05-00,XTEJ1118+480,BH,7,204509156.5,229.0,112.0,2.044642857142857,2.0,1.0,3,204509154.5,204509162.5,1,117.57129525942516,27.8329760340245,True,True,False,True,False
50133-01-05-00,XTEJ1118+480,BH,8,204509305.5,262.0,108.5,2.414746543778802,2.0,2.0,4,204509303.5,204509308.5,2,117.57129525942516,27.8329760340245,True,True,False,True,False
50133-01-05-00,XTEJ1118+480,BH,9,204512318.5,242.0,114.0,2.1228070175438596,3.0,2.0,4,204512315.5,204512321.5,1,117.57129525942516,27.8329760340245,True,True,False,True,False
50133-01-05-00,XTEJ1118+480,BH,10,204512765.5,239.0,108.5,2.2027649769585254,3.0,2.0,4,204512762.5,204512767.5,2,117.57129525942516,27.8329760340245,True,True,False,True,False
50133-01-05-00,XTEJ1118+480,BH,11,204513170.5,230.0,121.0,1.9008264462809918,3.0,2.0,7,204513167.5,204513175.5,1,117.57129525942516,27.8329760340245,True,True,False,True,False
50133-01-05-00,XTEJ1118+480,BH,12,204514127.5,282.0,121.5,2.3209876543209877,1.0,1.0,2,204514126.5,204514129.5,2,117.57129525942516,27.8329760340245,True,True,False,False,False
50407-01-13-02,XTEJ1118+480,BH,0,205528570.5,383.0,174.0,2.2011494252873565,3.0,2.0,4,205528567.5,205528572.5,1,206.865329512894,41.906898806578745,True,True,False,True,False
50407-01-13-02,XTEJ1118+480,BH,1,205529144.5,408.0,203.0,2.0098522167487687,1.0,2.0,2,205529143.5,205529146.5,2,206.865329512894,41.906898806578745,True,True,False,False,False
50407-01-13-02,XTEJ1118+480,BH,2,205530184.5,427.0,204.0,2.093137254901961,2.0,2.0,4,205530182.5,205530190.5,3,206.865329512894,41.906898806578745,True,True,False,True,False
50133-01-04-01,XTEJ1118+480,BH,0,205706385.5,570.0,259.0,2.200772200772201,2.0,2.0,6,205706383.5,205706390.5,1,297.7483870967742,61.81757935851208,True,True,False,True,False
50133-01-04-01,XTEJ1118+480,BH,1,205706492.5,592.0,297.5,1.9899159663865547,1.0,1.0,3,205706491.5,205706495.5,1,297.7483870967742,61.81757935851208,True,True,False,True,False
50133-01-04-01,XTEJ1118+480,BH,2,205706764.5,612.0,270.5,2.2624768946395566,2.0,1.0,3,205706762.5,205706766.5,2,297.7483870967742,61.81757935851208,True,True,False,True,False
50133-01-04-01,XTEJ1118+480,BH,3,205706828.5,585.0,297.0,1.9696969696969697,2.0,1.0,4,205706826.5,205706831.5,1,297.7483870967742,61.81757935851208,True,True,False,True,False
50133-01-04-01,XTEJ1118+480,BH,4,205707246.5,552.0,277.5,1.9891891891891893,2.0,1.0,3,205707244.5,205707249.5,1,297.7483870967742,61.81757935851208,True,True,False,True,False
50407-01-14-02,XTEJ1118+480,BH,0,207173725.5,298.0,198.0,1.505050505050505,3.0,2.0,4,207173722.5,207173728.5,1,184.9071194762684,25.16095418369841,True,True,False,True,False
50407-01-14-02,XTEJ1118+480,BH,1,207175874.5,286.0,183.0,1.5628415300546448,3.0,1.0,3,207175871.5,207175879.5,1,184.9071194762684,25.16095418369841,True,True,False,True,False
50407-01-14-02,XTEJ1118+480,BH,2,207177171.5,320.0,180.0,1.7777777777777777,2.0,3.0,4,207177169.5,207177175.5,2,184.9071194762684,25.16095418369841,True,True,True,True,True
50407-01-14-02,XTEJ1118+480,BH,3,207177334.5,343.0,180.0,1.9055555555555554,5.0,4.0,8,207177329.5,207177342.5,3,184.9071194762684,25.16095418369841,True,True,True,True,True
50407-01-16-00,XTEJ1118+480,BH,0,207539239.5,195.0,137.0,1.4233576642335766,3.0,1.0,4,207539236.5,207539242.5,1,131.85565382185723,14.609888500867024,False,True,False,True,False
90011-01-01-08,XTEJ1118+480,BH,0,348482295.5,326.0,148.5,2.1952861952861955,2.0,5.0,11,348482293.5,348482307.5,1,151.85190510424155,31.52224110061613,True,True,True,True,True
90011-01-01-08,XTEJ1118+480,BH,1,348482575.5,324.0,138.5,2.339350180505415,2.0,1.0,3,348482573.5,348482579.5,1,151.85190510424155,31.52224110061613,True,True,False,True,False
90011-01-01-08,XTEJ1118+480,BH,2,348482702.5,292.0,138.0,2.1159420289855073,1.0,1.0,2,348482701.5,348482709.5,1,151.85190510424155,31.52224110061613,True,True,False,False,False
90011-01-01-10,XTEJ1118+480,BH,0,348676557.5,816.0,395.5,2.063211125158028,2.0,1.0,3,348676555.5,348676559.5,19,225.8550185873606,67.46437058730173,True,True,False,True,False
90011-01-01-05,XTEJ1118+480,BH,0,348692264.5,246.0,126.0,1.9523809523809523,4.0,2.0,5,348692260.5,348692266.5,1,129.60994764397907,26.02665624525145,True,True,False,True,False
90011-01-01-05,XTEJ1118+480,BH,1,348692393.5,244.0,120.5,2.024896265560166,2.0,1.0,3,348692391.5,348692401.5,1,129.60994764397907,26.02665624525145,True,True,False,True,False
90011-01-01-05,XTEJ1118+480,BH,2,348693572.5,283.0,123.5,2.291497975708502,2.0,1.0,6,348693570.5,348693587.5,1,129.60994764397907,26.02665624525145,True,True,False,True,False
90011-01-01-05,XTEJ1118+480,BH,3,348693653.5,259.0,125.0,2.072,3.0,2.0,6,348693650.5,348693666.5,1,129.60994764397907,26.02665624525145,True,True,False,True,False
90111-01-02-06,XTEJ1118+480,BH,0,349116267.5,91.0,48.0,1.8958333333333333,2.0,1.0,3,349116265.5,349116269.5,1,46.04362776703202,9.252390837254271,True,True,False,True,False
90111-01-02-06,XTEJ1118+480,BH,1,349117049.5,85.0,47.0,1.8085106382978724,3.0,1.0,3,349117046.5,349117051.5,1,46.04362776703202,9.252390837254271,True,True,False,True,False
90111-01-02-06,XTEJ1118+480,BH,2,349117725.5,84.0,50.0,1.68,1.0,1.0,3,349117724.5,349117728.5,1,46.04362776703202,9.252390837254271,True,True,False,True,False
90111-01-02-06,XTEJ1118+480,BH,3,349118221.5,91.0,49.5,1.8383838383838385,2.0,2.0,3,349118219.5,349118228.5,1,46.04362776703202,9.252390837254271,True,True,False,True,False
90111-01-02-06,XTEJ1118+480,BH,4,349121463.5,85.0,47.5,1.7894736842105263,2.0,1.0,4,349121461.5,349121467.5,1,46.04362776703202,9.252390837254271,True,True,False,True,False
90111-01-02-06,XTEJ1118+480,BH,5,349121893.5,89.0,44.5,2.0,1.0,1.0,2,349121892.5,349121895.5,1,46.04362776703202,9.252390837254271,True,True,False,False,False
90111-01-02-15,XTEJ1118+480,BH,0,349160837.5,147.0,79.0,1.860759493670886,6.0,1.0,6,349160831.5,349160847.5,1,86.13135261923378,15.065297871887603,True,True,False,True,False
90111-01-02-07,XTEJ1118+480,BH,0,349201971.5,212.0,123.0,1.7235772357723578,1.0,1.0,1,349201970.5,349201972.5,2,121.09747126436781,18.604280017910032,True,True,False,False,False
90111-01-02-07,XTEJ1118+480,BH,1,349202587.5,215.0,128.0,1.6796875,2.0,2.0,3,349202585.5,349202590.5,2,121.09747126436781,18.604280017910032,True,True,False,True,False
90111-01-03-02,XTEJ1118+480,BH,0,349518244.5,107.0,69.0,1.5507246376811594,1.0,1.0,4,349518243.5,349518248.5,1,65.06765741102855,9.256085849397916,True,True,False,True,False
50030-02-04-00,4U1636-53,NS,0,223267637.5,5449.0,369.5,14.746955345060893,2.0,6.0,10,223267635.5,223267652.5,19,376.0893965223321,91.34270743326076,True,True,True,True,True
60032-01-20-000,4U1636-53,NS,0,253153603.5,6518.0,219.5,29.69476082004556,2.0,5.0,8,253153601.5,253153615.5,15,222.02783993681717,109.88789422559209,True,True,True,True,True
91024-01-12-10,4U1636-53,NS,0,371455286.5,4312.0,334.0,12.910179640718562,4.0,8.0,15,371455282.5,371455303.5,15,343.35651665692575,250.34814861353613,True,True,True,True,True
94087-01-25-10,4U1636-53,NS,0,493994822.5,1673.0,168.5,9.928783382789318,7.0,9.0,22,493994815.5,493994850.5,16,183.53683094859565,161.59276638016908,True,True,True,True,True
94087-01-25-10,4U1636-53,NS,1,493995165.5,2513.0,159.5,15.755485893416928,2.0,6.0,11,493995163.5,493995180.5,10,183.53683094859565,161.59276638016908,True,True,True,True,True
93408-01-55-01,4U1608-52,NS,0,458770089.5,129.0,91.0,1.4175824175824177,1.0,1.0,1,458770088.5,458770090.5,1,86.23735050597976,9.957257484108586,False,True,False,False,False
50030-03-05-03,4U1728-34,NS,0,230812244.5,13135.0,467.5,28.09625668449198,4.0,4.0,10,230812240.5,230812258.5,12,513.4058679706601,571.8734292955663,True,True,True,True,True
70028-01-01-05,4U1728-34,NS,0,257921803.5,621.0,515.0,1.2058252427184466,2.0,1.0,2,257921801.5,257921805.5,1,517.2494790116106,25.43006062720858,False,True,False,False,False
92023-03-76-00,4U1728-34,NS,0,397068415.5,10058.0,1004.5,10.012941762070682,3.0,3.0,7,397068412.5,397068424.5,8,1012.8296774193549,426.598438539585,True,True,True,True,True
92023-03-98-00,4U1728-34,NS,0,400823344.5,734.0,616.0,1.1915584415584415,1.0,1.0,1,400823343.5,400823345.5,1,616.743527112848,28.06404803746717,False,True,False,False,False
92023-03-44-00,4U1728-34,NS,0,415862115.5,6463.0,274.0,23.587591240875913,2.0,5.0,8,415862113.5,415862128.5,9,292.5485510930351,302.288731901062,True,True,True,True,True
92023-03-70-00,4U1728-34,NS,0,421094856.5,11773.0,569.5,20.672519754170324,3.0,3.0,7,421094853.5,421094866.5,8,620.0054982817869,571.6354880876856,True,True,True,True,True
96322-01-01-05,4U1728-34,NS,0,557203359.5,398.0,307.5,1.2943089430894308,2.0,1.0,2,557203357.5,557203360.5,1,302.851630073187,20.560086932085284,False,True,False,False,False
60054-02-03-03,AQLX1,NS,0,237409884.5,20632.0,362.5,56.91586206896552,3.0,5.0,11,237409881.5,237409899.5,11,471.8486033519553,1136.9777949148056,True,True,True,True,True
70069-03-01-00,AQLX1,NS,0,257646541.5,590.0,489.0,1.2065439672801637,1.0,1.0,2,257646540.5,257646543.5,1,458.25904353157574,31.700342960000818,False,True,False,False,False
80403-01-03-00,AQLX1,NS,0,292859837.5,56.0,34.0,1.6470588235294117,2.0,1.0,2,292859835.5,292859839.5,1,31.14145936981758,6.100082036769208,True,True,False,False,False
90017-11-06-00,AQLX1,NS,0,330526987.5,193.0,132.5,1.4566037735849056,1.0,1.0,1,330526986.5,330526988.5,1,130.97394325419802,14.218898900978488,False,True,False,False,False
90017-11-06-00,AQLX1,NS,1,330527586.5,223.0,131.5,1.6958174904942966,1.0,,1,330527585.5,330527586.5,1,130.97394325419802,14.218898900978488,True,True,False,False,False
91028-01-29-00,AQLX1,NS,0,357066680.5,569.0,424.0,1.3419811320754718,1.0,1.0,2,357066679.5,357066682.5,1,423.7919612951247,34.71205765892097,False,True,False,False,False
93076-01-02-00,AQLX1,NS,0,422626213.5,3180.0,185.5,17.142857142857142,8.0,9.0,29,422626205.5,422626273.5,22,218.35302806499263,242.56123286351945,True,True,True,True,True
94076-01-03-04,AQLX1,NS,0,500426488.5,361.0,248.5,1.4527162977867203,1.0,1.0,3,500426487.5,500426495.5,1,248.9801563439567,23.61922768661026,False,True,False,True,False
92019-01-16-00,EXO0748-676,NS,0,413855520.5,3372.0,48.0,70.25,4.0,2.0,12,413855516.5,413855537.5,23,48.882117011073326,64.17333004698249,True,True,False,True,False
60044-01-01-00,4U1254-690,NS,0,232173041.5,424.0,349.0,1.2148997134670487,1.0,1.0,2,232173040.5,232173043.5,1,314.66883634431457,23.24063067248918,False,True,False,False,False
60044-01-01-03,4U1254-690,NS,0,232222726.5,304.0,248.5,1.2233400402414487,1.0,1.0,1,232222725.5,232222727.5,1,220.11361655773422,20.87132091678861,False,True,False,False,False
60044-01-02-100,4U1254-690,NS,0,250264631.5,606.0,109.5,5.534246575342466,3.0,2.0,7,250264628.5,250264640.5,12,109.54358331841776,14.786501237294658,True,True,False,True,False
60044-01-02-100,4U1254-690,NS,1,250270642.5,169.0,130.0,1.3,1.0,1.0,1,250270641.5,250270643.5,1,109.54358331841776,14.786501237294658,False,True,False,False,False
60044-01-02-000,4U1254-690,NS,0,250303276.5,614.0,111.0,5.531531531531532,2.0,3.0,7,250303274.5,250303287.5,13,107.34984807127775,12.710114858948034,True,True,True,True,True
93406-13-01-00,4U1254-690,NS,0,425730537.5,159.0,109.0,1.4587155963302751,1.0,1.0,1,425730536.5,425730539.5,1,105.31467473524962,10.77609440410055,False,True,False,False,False
95324-01-01-010,4U1254-690,NS,0,504852665.5,399.0,137.0,2.9124087591240877,3.0,6.0,12,504852662.5,504852678.5,15,120.38023213491326,13.822729953473946,True,True,True,True,True
95324-01-01-000,4U1254-690,NS,0,504888507.5,165.0,120.0,1.375,1.0,2.0,4,504888506.5,504888511.5,1,113.53590733590734,12.400237583627561,False,True,False,True,False
95324-01-01-000,4U1254-690,NS,1,504889364.5,169.0,127.5,1.3254901960784313,1.0,1.0,2,504889363.5,504889366.5,3,113.53590733590734,12.400237583627561,False,True,False,False,False
95324-01-02-01,4U1254-690,NS,0,504985846.5,176.0,133.5,1.3183520599250935,1.0,1.0,4,504985845.5,504985855.5,2,115.73637053910403,13.188777927190174,False,True,False,True,False
95324-01-02-01,4U1254-690,NS,1,504985929.5,175.0,138.0,1.2681159420289856,1.0,1.0,2,504985928.5,504985931.5,1,115.73637053910403,13.188777927190174,False,True,False,False,False
95324-01-02-01,4U1254-690,NS,2,504986195.5,171.0,135.0,1.2666666666666666,1.0,1.0,1,504986194.5,504986196.5,2,115.73637053910403,13.188777927190174,False,True,False,False,False
95324-01-02-01,4U1254-690,NS,3,504986240.5,179.0,133.5,1.3408239700374531,1.0,1.0,1,504986239.5,504986241.5,1,115.73637053910403,13.188777927190174,False,True,False,False,False
70050-03-01-01,4U1323-619,NS,0,307102340.5,274.0,43.5,6.2988505747126435,4.0,16.0,24,307102336.5,307102380.5,39,45.59089520317751,10.476252740214287,True,True,True,True,True
70050-03-01-02,4U1323-619,NS,0,307143569.5,483.0,44.0,10.977272727272727,4.0,11.0,22,307143565.5,307143601.5,33,45.00582095543958,15.632482672007816,True,True,True,True,True
90062-03-01-02,4U1323-619,NS,0,347072640.5,593.0,74.0,8.013513513513514,8.0,7.0,35,347072632.5,347072700.5,41,78.90653008962867,29.658948653093574,True,True,True,True,True
95442-01-01-01,4U1323-619,NS,0,536294689.5,381.0,44.0,8.659090909090908,7.0,8.0,25,536294682.5,536294739.5,39,43.35030887449149,15.492130484732408,True,True,True,True,True
96405-01-01-00,4U1323-619,NS,0,536458120.5,298.0,39.5,7.544303797468355,7.0,10.0,25,536458113.5,536458165.5,32,44.262158406669755,14.693465356995691,True,True,True,True,True
96405-01-01-01,4U1323-619,NS,0,536555344.5,263.0,44.0,5.9772727272727275,8.0,8.0,26,536555336.5,536555406.5,46,44.140551445864155,12.83465605031688,True,True,True,True,True
96405-01-02-01,4U1323-619,NS,0,543926554.5,305.0,34.5,8.840579710144928,8.0,8.0,25,543926546.5,543926586.5,24,44.97359843546284,15.796919119703992,True,True,True,True,True
96405-01-05-01,4U1323-619,NS,0,565703841.5,81.0,50.5,1.603960396039604,2.0,1.0,2,565703839.5,565703842.5,1,47.116730638970424,7.51460758925661,True,True,False,False,False
96405-01-05-02,4U1323-619,NS,0,565732341.5,281.0,38.0,7.394736842105263,7.0,12.0,33,565732334.5,565732410.5,36,45.08337109198006,14.36396052287171,True,True,True,True,True
96405-01-05-03,4U1323-619,NS,0,565779862.5,337.0,52.0,6.480769230769231,9.0,7.0,26,565779853.5,565779920.5,45,46.404568450099646,14.980785607926533,True,True,True,True,True
96405-01-05-03,4U1323-619,NS,1,565782129.5,142.0,47.0,3.021276595744681,1.0,,2,565782128.5,565782130.5,2,46.404568450099646,14.980785607926533,True,True,False,False,False
50410-01-05-00,MXB1658-298,NS,0,208344813.5,1582.0,95.0,16.652631578947368,4.0,14.0,32,208344809.5,208345762.5,18,226.11476758535582,136.98193526217605,True,True,True,True,True
60048-01-02-00,MXB1658-298,NS,0,226535151.5,470.0,112.5,4.177777777777778,8.0,8.0,23,226535143.5,226535177.5,18,91.30488153011704,41.3201034906338,True,True,True,True,True
60048-02-01-00,MXB1658-298,NS,0,231093819.5,948.0,237.5,3.991578947368421,3.0,13.0,24,231093816.5,231093851.5,17,192.41303703703704,90.12185697215598,True,True,True,True,True
60048-02-03-00,MXB1658-298,NS,0,231375952.5,458.0,102.0,4.490196078431373,5.0,10.0,19,231375947.5,231375980.5,18,71.63086276780544,39.110456138922764,True,True,True,True,True
60048-03-01-00,MXB1658-298,NS,0,235318416.5,907.0,224.5,4.040089086859688,4.0,9.0,18,235318412.5,235318443.5,11,178.43377777777778,86.69126992543107,True,True,True,True,True
60048-03-05-00,MXB1658-298,NS,0,235525766.5,1170.0,118.0,9.915254237288135,1.0,2.0,4,235525765.5,235525776.5,5,98.2617039837162,49.69040664432943,True,True,False,True,False
50029-27-01-000,4U1702-429,NS,0,208809432.5,152.0,100.5,1.5124378109452736,2.0,1.0,2,208809430.5,208809433.5,1,104.78389601011013,11.275924562049482,True,True,False,False,False
50029-27-01-000,4U1702-429,NS,1,208819517.5,155.0,114.5,1.3537117903930131,1.0,1.0,1,208819516.5,208819518.5,1,104.78389601011013,11.275924562049482,False,True,False,False,False
50029-27-01-000,4U1702-429,NS,2,208825485.5,150.0,110.5,1.3574660633484164,1.0,1.0,1,208825484.5,208825486.5,1,104.78389601011013,11.275924562049482,False,True,False,False,False
50030-01-04-00,4U1702-429,NS,0,216186431.5,208.0,149.5,1.391304347826087,1.0,1.0,1,216186430.5,216186436.5,1,147.40770757525638,14.575422382082401,False,True,False,False,False
80033-01-02-000,4U1702-429,NS,0,317006281.5,4541.0,132.5,34.27169811320755,2.0,4.0,8,317006279.5,317006295.5,19,143.1030122013218,71.09704035332192,True,True,True,True,True
80033-01-11-02,4U1702-429,NS,0,324368031.5,371.0,299.0,1.2408026755852843,3.0,1.0,3,324368028.5,324368032.5,1,294.9622790820364,18.8938475309001,False,True,False,True,False
94415-01-01-00,4U1702-429,NS,0,478592913.5,136.0,102.0,1.3333333333333333,2.0,1.0,2,478592911.5,478592914.5,1,95.23135004530353,9.986834974475089,False,True,False,False,False
90170-01-01-00,4U1705-44,NS,0,372945919.5,282.0,219.0,1.2876712328767124,1.0,1.0,2,372945918.5,372945921.5,1,216.0786548082268,15.672818075520722,False,True,False,False,False
93060-01-05-00,4U1705-44,NS,0,426777720.5,150.0,107.5,1.3953488372093024,1.0,2.0,2,426777719.5,426777722.5,1,104.43482338230697,11.237610463363326,False,True,False,False,False
94060-01-55-00,4U1705-44,NS,0,495034077.5,176.0,130.0,1.353846153846154,1.0,1.0,2,495034076.5,495034079.5,1,129.43710021321962,11.54264006663106,False,True,False,False,False
95060-01-35-00,4U1705-44,NS,0,516834215.5,1665.0,170.5,9.765395894428153,3.0,12.0,25,516834212.5,516834259.5,20,189.31865144100055,114.44754235543607,True,True,True,True,True
60034-02-01-01,4U1724-307,NS,0,244041407.5,406.0,266.0,1.5263157894736843,1.0,2.0,4,244041406.5,244041412.5,1,255.92981709910677,34.342913940256274,True,True,False,True,False
60034-02-01-01,4U1724-307,NS,1,244041544.5,396.0,256.0,1.546875,1.0,1.0,2,244041543.5,244041550.5,1,255.92981709910677,34.342913940256274,True,True,False,False,False
60034-02-01-01,4U1724-307,NS,2,244041763.5,414.0,260.5,1.5892514395393473,1.0,1.0,1,244041762.5,244041764.5,1,255.92981709910677,34.342913940256274,True,True,False,False,False
60034-02-01-01,4U1724-307,NS,3,244042660.5,405.0,246.5,1.643002028397566,2.0,1.0,3,244042658.5,244042662.5,1,255.92981709910677,34.342913940256274,True,True,False,True,False
60034-02-01-01,4U1724-307,NS,4,244043102.5,437.0,251.5,1.7375745526838966,3.0,1.0,4,244043099.5,244043104.5,1,255.92981709910677,34.342913940256274,True,True,False,True,False
50060-05-01-07,4U1724-307,NS,0,248238440.5,141.0,83.0,1.6987951807228916,1.0,1.0,4,248238439.5,248238452.5,2,82.7904114026563,13.31582178736483,True,True,False,True,False
50060-05-01-07,4U1724-307,NS,1,248240113.5,144.0,80.0,1.8,1.0,1.0,1,248240112.5,248240115.5,1,82.7904114026563,13.31582178736483,True,True,False,False,False
50060-05-01-05,4U1724-307,NS,0,248348924.5,435.0,260.0,1.6730769230769231,1.0,1.0,2,248348923.5,248348926.5,1,256.67842786958465,34.0791348994041,True,True,False,False,False
60034-02-02-02,4U1724-307,NS,0,254329767.5,537.0,327.5,1.6396946564885497,3.0,1.0,3,254329764.5,254329768.5,2,332.44244843646044,41.14509299019943,True,True,False,True,False
60034-02-05-01,4U1724-307,NS,0,293182179.5,135.0,80.5,1.6770186335403727,4.0,2.0,5,293182175.5,293182183.5,1,78.79120541205413,12.993468592268075,True,True,False,True,False
60034-02-05-01,4U1724-307,NS,1,293184450.5,141.0,76.0,1.855263157894737,2.0,2.0,3,293184448.5,293184452.5,1,78.79120541205413,12.993468592268075,True,True,False,True,False
60034-02-05-01,4U1724-307,NS,2,293188197.5,133.0,83.0,1.6024096385542168,2.0,3.0,4,293188195.5,293188200.5,1,78.79120541205413,12.993468592268075,True,True,True,True,True
60034-02-05-01,4U1724-307,NS,3,293192457.5,131.0,78.0,1.6794871794871795,1.0,1.0,1,293192456.5,293192458.5,1,78.79120541205413,12.993468592268075,True,True,False,False,False
60034-02-05-01,4U1724-307,NS,4,293195097.5,136.0,80.0,1.7,1.0,2.0,2,293195096.5,293195099.5,1,78.79120541205413,12.993468592268075,True,True,False,False,False
80105-10-01-00,4U1724-307,NS,0,306775103.5,129.0,72.0,1.7916666666666667,2.0,1.0,4,306775101.5,306775109.5,1,76.93769845614804,11.650356941497057,True,True,False,True,False
80105-10-01-00,4U1724-307,NS,1,306783036.5,131.0,76.5,1.7124183006535947,2.0,1.0,2,306783034.5,306783037.5,1,76.93769845614804,11.650356941497057,True,True,False,False,False
80105-10-01-00,4U1724-307,NS,2,306783507.5,124.0,74.0,1.6756756756756757,1.0,1.0,1,306783506.5,306783508.5,1,76.93769845614804,11.650356941497057,True,True,False,False,False
80105-10-01-00,4U1724-307,NS,3,306787357.5,126.0,79.5,1.5849056603773586,1.0,1.0,1,306787356.5,306787358.5,1,76.93769845614804,11.650356941497057,True,True,False,False,False
93044-06-04-00,4U1724-307,NS,0,447005901.5,4794.0,121.5,39.45679012345679,15.0,,20,447005886.5,447005906.5,19,180.9324804548685,467.3067464727688,True,False,False,True,False
93044-06-07-00,4U1724-307,NS,0,447479562.5,361.0,252.0,1.4325396825396826,2.0,1.0,3,447479560.5,447479565.5,1,240.38743116294137,30.037653900930472,False,True,False,True,False
93438-01-04-00,4U1724-307,NS,0,460504649.5,172.0,106.5,1.6150234741784038,2.0,1.0,3,460504647.5,460504651.5,1,104.05230043255997,15.898864941449524,True,True,False,True,False
93438-01-04-00,4U1724-307,NS,1,460504870.5,183.0,104.5,1.7511961722488039,2.0,1.0,3,460504868.5,460504872.5,1,104.05230043255997,15.898864941449524,True,True,False,True,False
93438-01-04-00,4U1724-307,NS,2,460505800.5,178.0,98.5,1.8071065989847717,2.0,1.0,2,460505798.5,460505802.5,1,104.05230043255997,15.898864941449524,True,True,False,False,False
93438-01-04-00,4U1724-307,NS,3,460506403.5,171.0,102.0,1.6764705882352942,1.0,1.0,5,460506402.5,460506409.5,1,104.05230043255997,15.898864941449524,True,True,False,True,False
93438-01-07-01,4U1724-307,NS,0,462426745.5,302.0,184.5,1.6368563685636857,1.0,1.0,1,462426744.5,462426746.5,1,179.44042132982224,26.53007482830055,True,True,False,False,False
93438-01-07-01,4U1724-307,NS,1,462427478.5,288.0,181.5,1.5867768595041323,3.0,1.0,4,462427475.5,462427481.5,1,179.44042132982224,26.53007482830055,True,True,False,True,False
93438-01-07-01,4U1724-307,NS,2,462427716.5,302.0,176.0,1.7159090909090908,2.0,2.0,3,462427714.5,462427718.5,1,179.44042132982224,26.53007482830055,True,True,False,True,False
50031-02-01-02,KS1731-260,NS,0,208269879.5,2486.0,197.0,12.619289340101522,10.0,14.0,41,208269869.5,208269925.5,42,204.12205387205387,120.03018876084226,True,True,True,True,True
50031-02-01-02,KS1731-260,NS,1,208288068.5,2544.0,194.0,13.11340206185567,6.0,16.0,40,208288062.5,208288119.5,44,204.12205387205387,120.03018876084226,True,True,True,True,True
50031-02-01-05,KS1731-260,NS,0,208373120.5,2697.0,191.0,14.120418848167539,9.0,11.0,36,208373111.5,208373165.5,45,196.32365845426932,101.75961708187432,True,True,True,True,True
50031-02-01-08,KS1731-260,NS,0,208379687.5,715.0,545.5,1.310724106324473,1.0,1.0,1,208379686.5,208379688.5,1,546.4360812425329,39.79610264033635,False,True,False,False,False
50031-02-02-06,KS1731-260,NS,0,212808930.5,300.0,193.0,1.5544041450777202,1.0,1.0,1,212808929.5,212808931.5,1,195.8881492927612,20.444646412163717,True,True,False,False,False
50031-02-02-06,KS1731-260,NS,1,212813222.5,332.0,189.0,1.7566137566137565,1.0,1.0,1,212813221.5,212813225.5,1,195.8881492927612,20.444646412163717,True,True,False,False,False
50031-02-02-06,KS1731-260,NS,2,212815034.5,283.0,197.5,1.4329113924050634,1.0,2.0,2,212815033.5,212815036.5,1,195.8881492927612,20.444646412163717,False,True,False,False,False
50031-02-02-02,KS1731-260,NS,0,212836037.5,296.0,212.0,1.3962264150943395,1.0,1.0,2,212836036.5,212836040.5,1,204.77274074074074,20.717590966405893,False,True,False,False,False
50031-02-02-02,KS1731-260,NS,1,212837534.5,294.0,199.5,1.4736842105263157,1.0,1.0,1,212837533.5,212837535.5,1,204.77274074074074,20.717590966405893,False,True,False,False,False
50031-02-02-02,KS1731-260,NS,2,212837568.5,300.0,204.0,1.4705882352941178,1.0,1.0,1,212837567.5,212837569.5,1,204.77274074074074,20.717590966405893,False,True,False,False,False
50031-02-02-03,KS1731-260,NS,0,212882565.5,608.0,393.0,1.5470737913486006,,12.0,26,212882564.5,212882602.5,4,397.4924439812402,40.99961006206193,True,False,True,True,False
50031-02-02-080,KS1731-260,NS,0,212911210.5,2684.0,208.5,12.872901678657074,8.0,14.0,38,212911202.5,212911255.5,49,203.99496015800585,80.93568773881478,True,True,True,True,True
50031-02-03-01,KS1731-260,NS,0,222642737.5,902.0,220.5,4.090702947845805,43.0,41.0,93,222642694.5,222642853.5,168,62.21836853322999,59.104444129812705,True,False,True,True,False
60034-01-01-00,SLX1735-269,NS,0,241525609.5,88.0,53.5,1.644859813084112,1.0,1.0,1,241525608.5,241525610.5,1,56.146796848235695,7.801221730166631,True,True,False,False,False
80138-03-02-00,SLX1735-269,NS,0,295983644.5,219.0,169.0,1.2958579881656804,1.0,1.0,1,295983643.5,295983645.5,1,157.35166561910748,15.012915937004323,False,True,False,False,False
96429-01-02-02,SLX1735-269,NS,0,549577324.5,145.0,96.0,1.5104166666666667,1.0,1.0,1,549577323.5,549577326.5,1,88.76563380281691,13.81435268448188,True,True,False,False,False
96429-01-03-01,SLX1735-269,NS,0,549921352.5,79.0,47.5,1.6631578947368422,1.0,1.0,3,549921351.5,549921355.5,1,44.25946242457488,8.144144158684915,True,True,False,True,False
96429-01-03-01,SLX1735-269,NS,1,549922375.5,79.0,40.0,1.975,4.0,2.0,7,549922371.5,549922379.5,1,44.25946242457488,8.144144158684915,True,True,False,True,False
96429-01-05-00,SLX1735-269,NS,0,550959112.5,91.0,48.0,1.8958333333333333,3.0,1.0,3,550959109.5,550959118.5,1,48.382210242587604,8.649198362368226,True,True,False,True,False
96429-01-05-00,SLX1735-269,NS,1,550959529.5,86.0,49.5,1.7373737373737375,2.0,1.0,2,550959527.5,550959530.5,1,48.382210242587604,8.649198362368226,True,True,False,False,False
96429-01-05-00,SLX1735-269,NS,2,550959822.5,83.0,49.0,1.6938775510204083,2.0,1.0,2,550959820.5,550959824.5,1,48.382210242587604,8.649198362368226,True,True,False,False,False
96429-01-07-01,SLX1735-269,NS,0,552471444.5,89.0,49.0,1.816326530612245,1.0,1.0,1,552471443.5,552471447.5,1,50.057328990228015,9.164901006300251,True,True,False,False,False
96429-01-07-01,SLX1735-269,NS,1,552471646.5,95.0,45.5,2.087912087912088,2.0,1.0,3,552471644.5,552471648.5,1,50.057328990228015,9.164901006300251,True,True,False,True,False
96429-01-08-03,SLX1735-269,NS,0,553243228.5,190.0,108.0,1.7592592592592593,3.0,2.0,4,553243225.5,553243231.5,1,103.14148816234498,15.054682111513388,True,True,False,True,False
96429-01-08-03,SLX1735-269,NS,1,553244603.5,172.0,100.5,1.7114427860696517,3.0,1.0,4,553244600.5,553244605.5,1,103.14148816234498,15.054682111513388,True,True,False,True,False
93200-01-03-01,4U1735-44,NS,0,498555929.5,3307.0,264.0,12.526515151515152,3.0,2.0,5,498555926.5,498555937.5,10,274.78439690151237,70.58576247030923,True,True,False,True,False
96331-01-02-01,4U1735-44,NS,0,559937371.5,1148.0,1008.0,1.1388888888888888,2.0,1.0,2,559937369.5,559937372.5,1,948.8656471873293,48.855357516449736,False,True,False,False,False
60044-02-01-07,4U1746-371,NS,0,254101663.5,168.0,125.0,1.344,1.0,1.0,1,254101662.5,254101664.5,1,117.38259812434873,11.944224148338037,False,True,False,False,False
60044-02-01-06,4U1746-371,NS,0,254177086.5,163.0,114.5,1.4235807860262009,1.0,1.0,1,254177085.5,254177087.5,2,111.66766595289079,11.163072128621133,False,True,False,False,False
60044-02-02-00,4U1746-371,NS,0,263078493.5,117.0,79.5,1.471698113207547,2.0,1.0,2,263078491.5,263078494.5,1,75.61681374825824,9.366185965797152,False,True,False,False,False
60044-02-02-09,4U1746-371,NS,0,263324371.5,141.0,102.0,1.3823529411764706,1.0,1.0,1,263324370.5,263324373.5,1,93.72297703498857,11.448184489679083,False,True,False,False,False
70050-01-01-00,4U1746-371,NS,0,275840528.5,342.0,284.5,1.2021089630931459,3.0,1.0,3,275840525.5,275840529.5,3,247.43201569946734,21.727324015188373,False,True,False,True,False
70050-01-01-08,4U1746-371,NS,0,275851972.5,355.0,293.0,1.21160409556314,7.0,3.0,16,275851965.5,275851987.5,6,264.1463414634146,20.1952316521685,False,True,True,True,False
70050-01-01-08,4U1746-371,NS,1,275852048.5,346.0,293.0,1.180887372013652,1.0,2.0,2,275852047.5,275852050.5,1,264.1463414634146,20.1952316521685,False,True,False,False,False
90044-01-02-01,4U1746-371,NS,0,329948552.5,185.0,144.0,1.2847222222222223,3.0,1.0,4,329948549.5,329948554.5,1,122.18972290052022,14.842629075686451,False,True,False,True,False
90044-01-04-000,4U1746-371,NS,0,342517757.5,137.0,96.0,1.4270833333333333,1.0,1.0,1,342517756.5,342517758.5,1,91.23377546186641,10.249652090768489,False,True,False,False,False
90044-01-04-00,4U1746-371,NS,0,342546374.5,1894.0,202.5,9.353086419753087,7.0,4.0,12,342546367.5,342546383.5,12,201.43240023823705,102.79781782928468,True,True,True,True,True
70080-01-02-04,SAXJ1808.4-3658,NS,0,277640082.5,15181.0,180.0,84.33888888888889,6.0,8.0,17,277640076.5,277640102.5,26,193.9939770257684,377.8562529986686,True,True,True,True,True
70080-01-03-010,SAXJ1808.4-3658,NS,0,278220051.5,155.0,107.5,1.441860465116279,1.0,1.0,1,278220050.5,278220052.5,1,107.7469968582517,11.184881672420506,False,True,False,False,False
70080-01-03-010,SAXJ1808.4-3658,NS,1,278225561.5,156.0,107.5,1.4511627906976745,2.0,1.0,3,278225559.5,278225565.5,1,107.7469968582517,11.184881672420506,False,True,False,True,False
70080-02-01-03,SAXJ1808.4-3658,NS,0,278722446.5,202.0,109.5,1.8447488584474885,2.0,2.0,3,278722444.5,278722448.5,2,112.19780996114447,13.049578400854262,True,True,False,True,False
70080-02-02-12,SAXJ1808.4-3658,NS,0,279249004.5,86.0,51.5,1.6699029126213591,1.0,1.0,1,279249003.5,279249005.5,1,46.27689707894102,7.145130133054251,True,True,False,False,False
70080-02-02-12,SAXJ1808.4-3658,NS,1,279260750.5,75.0,48.5,1.5463917525773196,1.0,1.0,1,279260749.5,279260752.5,1,46.27689707894102,7.145130133054251,True,True,False,False,False
70080-03-22-00,SAXJ1808.4-3658,NS,0,280145406.5,225.0,119.5,1.8828451882845187,1.0,2.0,2,280145405.5,280145409.5,2,129.67091731797615,14.074444106404748,True,True,False,False,False
96027-01-01-00,SAXJ1808.4-3658,NS,0,563083505.5,293.0,214.0,1.3691588785046729,1.0,1.0,1,563083504.5,563083506.5,1,214.05493636866652,16.63173832537178,False,True,False,False,False
80138-04-02-00,XTEJ1814-338,NS,0,297478720.5,435.0,54.5,7.981651376146789,7.0,13.0,32,297478713.5,297478765.5,38,53.50469844524176,19.59778855849614,True,True,True,True,True
80418-01-02-00,XTEJ1814-338,NS,0,298143440.5,855.0,67.0,12.761194029850746,4.0,15.0,39,298143436.5,298143504.5,65,63.85080527086384,26.74164658112586,True,True,True,True,True
80418-01-02-05,XTEJ1814-338,NS,0,298665940.5,805.0,65.0,12.384615384615385,8.0,17.0,43,298665932.5,298666010.5,63,62.85336585365854,32.08194478758974,True,True,True,True,True
80418-01-03-02,XTEJ1814-338,NS,0,298826465.5,1038.0,64.5,16.093023255813954,3.0,11.0,30,298826462.5,298826519.5,54,62.45757607228165,35.04558389360956,True,True,True,True,True
80418-01-05-00,XTEJ1814-338,NS,0,299925998.5,88.0,54.0,1.6296296296296295,1.0,1.0,1,299925997.5,299925999.5,1,56.079628724963364,7.916763503244698,True,True,False,False,False
80418-01-05-08,XTEJ1814-338,NS,0,300308562.5,1416.0,118.0,12.0,7.0,21.0,53,300308555.5,300308639.5,30,142.2261835184103,142.99064530464787,True,True,True,True,True
70023-01-01-01,GX17+2,NS,0,279051513.5,2004.0,1654.0,1.211608222490931,,9.0,253,279051508.5,279052195.5,3,1669.409573818537,81.52894664006425,False,False,True,True,False
70023-01-01-01,GX17+2,NS,1,279051584.5,2006.0,1882.5,1.0656042496679947,1.0,1.0,1,279051583.5,279051585.5,2,1669.409573818537,81.52894664006425,False,True,False,False,False
70023-01-01-01,GX17+2,NS,2,279051968.5,1997.0,1806.0,1.1057585825027685,2.0,1.0,2,279051966.5,279051970.5,1,1669.409573818537,81.52894664006425,False,True,False,False,False
80022-01-01-02,GX17+2,NS,0,323376107.5,2769.0,1842.0,1.503257328990228,3.0,140.0,258,323376104.5,323376470.5,172,1849.678078250863,111.71126283254065,True,True,True,True,True
80022-01-01-02,GX17+2,NS,1,323376350.5,2310.0,2209.5,1.0454854039375425,1.0,1.0,1,323376349.5,323376351.5,1,1849.678078250863,111.71126283254065,False,True,False,False,False
93406-11-01-00,GX17+2,NS,0,426184256.5,4371.0,3270.5,1.3364928909952607,3.0,1.0,5,426184253.5,426184260.5,2,3219.1156837329877,243.0092408816811,False,True,False,True,False
96310-01-01-000,GX17+2,NS,0,561711538.5,2010.0,1712.5,1.1737226277372264,1.0,2466.0,1,561711537.5,561714005.5,1,1666.4923308862087,50.12611723095975,False,True,False,False,False
40017-01-21-02,4U1820-30,NS,0,223629823.5,1006.0,865.5,1.1623339110340845,1.0,1.0,2,223629822.5,223629826.5,1,837.5780068728523,39.81977350090258,False,True,False,False,False
70030-03-05-00,4U1820-30,NS,0,298171175.5,382.0,323.0,1.1826625386996905,2.0,1.0,2,298171173.5,298171177.5,1,294.36753786753786,20.22920835751811,False,True,False,False,False
92030-02-05-00,4U1820-30,NS,0,423655219.5,677.0,562.0,1.204626334519573,2.0,1.0,2,423655217.5,423655228.5,1,555.2797643654403,27.330638388733483,False,True,False,False,False
96090-01-01-020,4U1820-30,NS,0,542054044.5,4446.0,471.0,9.439490445859873,2.0,4.0,6,542054042.5,542054053.5,14,412.89155357253514,63.79858670290407,True,True,True,True,True
50035-01-02-00,GS1826-238,NS,0,205002142.5,2570.0,153.5,16.742671009771986,9.0,17.0,58,205002133.5,205002235.5,69,167.53380952380954,134.56734302681707,True,True,True,True,True
50035-01-02-00,GS1826-238,NS,1,205016538.5,2465.0,151.0,16.32450331125828,8.0,20.0,61,205016530.5,205016626.5,66,167.53380952380954,134.56734302681707,True,True,True,True,True
50035-01-03-02,GS1826-238,NS,0,212430646.5,460.0,286.5,1.6055846422338569,2.0,1.0,3,212430644.5,212430649.5,1,288.33560187154404,33.538097778564804,True,True,False,True,False
50035-01-03-04,GS1826-238,NS,0,212469585.5,231.0,152.5,1.5147540983606558,3.0,1.0,3,212469582.5,212469586.5,1,148.5173465497522,19.363144406734282,True,True,False,True,False
50035-01-03-04,GS1826-238,NS,1,212470383.5,239.0,150.5,1.5880398671096345,1.0,1.0,2,212470382.5,212470385.5,1,148.5173465497522,19.363144406734282,True,True,False,False,False
50035-01-03-04,GS1826-238,NS,2,212471333.5,242.0,151.5,1.5973597359735974,1.0,1.0,1,212471332.5,212471335.5,1,148.5173465497522,19.363144406734282,True,True,False,False,False
50035-01-03-090,GS1826-238,NS,0,212601638.5,699.0,150.0,4.66,,18.0,45,212601636.5,212601700.5,54,152.17604203989012,25.674229709674698,True,False,True,True,False
80048-01-01-14,GS1826-238,NS,0,292473146.5,385.0,295.0,1.305084745762712,1.0,1.0,1,292473145.5,292473147.5,1,293.55251587689304,22.171866149044273,False,True,False,False,False
80048-01-01-14,GS1826-238,NS,1,292473250.5,385.0,289.5,1.3298791018998273,2.0,1.0,4,292473248.5,292473253.5,1,293.55251587689304,22.171866149044273,False,True,False,True,False
80048-01-01-14,GS1826-238,NS,2,292473882.5,390.0,288.0,1.3541666666666667,1.0,1.0,1,292473881.5,292473884.5,1,293.55251587689304,22.171866149044273,False,True,False,False,False
80049-01-01-00,GS1826-238,NS,0,299597417.5,2303.0,161.5,14.260061919504643,10.0,18.0,65,299597407.5,299597507.5,67,173.5578592092575,127.85234036617317,True,True,True,True,True
90043-01-01-02,GS1826-238,NS,0,332954174.5,2464.0,164.5,14.97872340425532,9.0,19.0,62,332954165.5,332954263.5,77,172.93889056679754,109.1191579323452,True,True,True,True,True
92703-01-04-02,GS1826-238,NS,0,397288459.5,2306.0,171.0,13.485380116959064,11.0,18.0,66,397288448.5,397288553.5,63,183.02939524433626,142.28218530638378,True,False,True,True,False
70044-01-04-00,GS1826-238,NS,0,398594725.5,2282.0,160.5,14.218068535825545,10.0,22.0,63,398594715.5,398594825.5,83,170.16021873979759,93.03483022616692,True,True,True,True,True
91017-01-02-05,GS1826-238,NS,0,416031825.5,250.0,165.0,1.5151515151515151,1.0,1.0,1,416031824.5,416031827.5,1,167.09803164801235,20.608151515858495,True,True,False,False,False
91017-01-02-03,GS1826-238,NS,0,416043178.5,2478.0,168.0,14.75,10.0,17.0,62,416043168.5,416043270.5,49,192.9172372729979,177.29337565597896,True,True,True,True,True
91017-01-02-10,GS1826-238,NS,0,416138242.5,255.0,162.5,1.5692307692307692,1.0,1.0,1,416138241.5,416138245.5,1,161.69274074074073,19.47198079785526,True,True,False,False,False
91017-01-02-10,GS1826-238,NS,1,416140345.5,250.0,154.0,1.6233766233766234,1.0,1.0,1,416140344.5,416140348.5,1,161.69274074074073,19.47198079785526,True,True,False,False,False
96306-01-01-01,GS1826-238,NS,0,546907625.5,201.0,135.0,1.488888888888889,1.0,1.0,1,546907624.5,546907627.5,1,125.40617327253595,16.34579688745078,False,True,False,False,False
96306-01-01-01,GS1826-238,NS,1,546909733.5,197.0,128.5,1.5330739299610896,1.0,1.0,1,546909732.5,546909734.5,1,125.40617327253595,16.34579688745078,True,True,False,False,False
91057-01-07-04,HETEJ1900.1-245,NS,0,370000847.5,141.0,91.5,1.540983606557377,1.0,1.0,1,370000846.5,370000848.5,1,88.54965430546825,12.756453545002236,True,True,False,False,False
91057-01-07-04,HETEJ1900.1-245,NS,1,370001345.5,145.0,93.5,1.5508021390374331,1.0,1.0,1,370001344.5,370001347.5,1,88.54965430546825,12.756453545002236,True,True,False,False,False
92049-01-05-00,HETEJ1900.1-245,NS,0,384272630.5,147.0,92.5,1.5891891891891892,1.0,1.0,2,384272629.5,384272632.5,1,90.94459551325629,13.247166225563205,True,True,False,False,False
92049-01-05-00,HETEJ1900.1-245,NS,1,384272660.5,146.0,93.5,1.5614973262032086,1.0,1.0,1,384272659.5,384272661.5,1,90.94459551325629,13.247166225563205,True,True,False,False,False
92049-01-05-00,HETEJ1900.1-245,NS,2,384273426.5,146.0,91.0,1.6043956043956045,1.0,1.0,3,384273425.5,384273429.5,1,90.94459551325629,13.247166225563205,True,True,False,True,False
92049-01-05-00,HETEJ1900.1-245,NS,3,384274026.5,147.0,89.0,1.651685393258427,1.0,1.0,1,384274025.5,384274027.5,1,90.94459551325629,13.247166225563205,True,True,False,False,False
92049-01-07-00,HETEJ1900.1-245,NS,0,385472057.5,20187.0,292.5,69.01538461538462,8.0,9.0,22,385472049.5,385472083.5,21,436.7416934619507,1362.0545660987673,True,True,True,True,True
92049-01-40-00,HETEJ1900.1-245,NS,0,405498015.5,297.0,209.0,1.4210526315789473,1.0,2.0,2,405498014.5,405498017.5,1,204.6883616543764,20.584198544759012,False,True,False,False,False
93030-01-47-00,HETEJ1900.1-245,NS,0,458562534.5,169.0,114.5,1.4759825327510918,1.0,1.0,2,458562533.5,458562536.5,1,110.80079813767875,13.200151137444221,False,True,False,False,False
94030-01-27-00,HETEJ1900.1-245,NS,0,492005958.5,170.0,110.5,1.5384615384615385,1.0,1.0,2,492005957.5,492005962.5,1,112.16880275085964,14.065479509115985,True,True,False,False,False
94030-01-36-00,HETEJ1900.1-245,NS,0,497353451.5,179.0,111.0,1.6126126126126126,1.0,1.0,1,497353450.5,497353452.5,1,115.0301602262017,13.976474833260953,True,True,False,False,False
95030-01-16-00,HETEJ1900.1-245,NS,0,516619647.5,99.0,68.5,1.4452554744525548,2.0,1.0,2,516619645.5,516619648.5,1,64.96186803770351,8.374012270991704,False,True,False,False,False
96030-01-01-01,HETEJ1900.1-245,NS,0,539395765.5,335.0,210.0,1.5952380952380953,1.0,1.0,1,539395764.5,539395766.5,1,209.23930418429714,26.12529207175681,True,True,False,False,False
96030-01-25-00,HETEJ1900.1-245,NS,0,553712983.5,321.0,214.0,1.5,1.0,1.0,1,553712982.5,553712986.5,1,215.52533089913283,25.791127654559656,True,True,False,False,False
50026-03-01-01,4U1915-05,NS,0,244586510.5,2472.0,49.0,50.44897959183673,3.0,3.0,10,244586507.5,244586526.5,21,50.80795952782462,39.850042908163985,True,True,True,True,True
70034-02-01-01,4U1915-05,NS,0,262262701.5,126.0,91.5,1.3770491803278688,1.0,1.0,1,262262700.5,262262702.5,1,85.94166999600479,9.884924857602012,False,True,False,False,False
70034-02-01-00,4U1915-05,NS,0,262268197.5,132.0,90.5,1.4585635359116023,1.0,1.0,1,262268196.5,262268198.5,1,87.59948725252814,9.725104680099793,False,True,False,False,False
70034-02-02-01,4U1915-05,NS,0,275534088.5,4250.0,116.0,36.63793103448276,2.0,3.0,8,275534086.5,275534102.5,11,127.19184430027804,153.96400253373938,True,True,True,True,True
90030-01-15-00,CYGX2,NS,0,370048777.5,2093.0,1744.0,1.2001146788990826,2.0,1.0,2,370048775.5,370048778.5,1,1744.9879427279577,78.24840070778465,False,True,False,False,False
