alg,system,true_class,type,p_BH,sd_BH,p_NPNS,sd_NPNS,p_Pulsar,sd_Pulsar,pred_class,indeterminate_1sigma,correct
KNN,1A0535+262,3,Pulsar,0.16072000055657593,0.014135393424919264,0.3107236700986701,0.016971874314106298,0.5321261682242991,0.012834608320507479,3,False,True
KNN,4U1254-690,2,Burster,0.3251430528691167,0.01690554908673447,0.5566711765141965,0.021166402065864825,0.11198619690383599,0.010711770824788878,2,False,True
KNN,4U1538-52,3,Pulsar,0.11899416135881102,0.0073541415463518394,0.2446714165464166,0.010819291992662473,0.6375014825357292,0.011805657890482995,3,False,True
KNN,4U1608-52,2,Burster,0.30528093258788747,0.02009332865917502,0.6518086697108958,0.01932529200892843,0.04360317009227112,0.0052477076900661525,2,False,True
KNN,4U1626-67,3,Pulsar,0.11879897209095687,0.010374363972231094,0.2935344994716997,0.020142145955179117,0.5903289104606197,0.022728782423455614,3,False,True
KNN,4U1630,1,LMBH,0.43205891812027547,0.011189431497667058,0.42171140260659923,0.0178459745972338,0.15082561957561952,0.013382639213263185,1,True,True
KNN,4U1700-37,2,Atoll,0.2431967643024287,0.01170878509612007,0.3365055781857976,0.012510120016086885,0.4200169255276782,0.016075251872970642,3,False,False
KNN,4U1705-44,2,Burster,0.10565931161983698,0.007087716307036386,0.8458481371464077,0.007369152101530256,0.045669799776617045,0.003968329868048094,2,False,True
KNN,4U1822-37,3,Pulsar,0.08861128296132287,0.010302213407613033,0.11683262892759567,0.016617603642064833,0.7876849669998318,0.020364349215251595,3,False,True
KNN,4U1916-053,2,Burster,0.4321069491208379,0.008852212095854201,0.4631563056191202,0.011685946942093016,0.10465266249337116,0.01207046511129787,2,False,True
KNN,4U1957+115,1,LMBH,0.4191237770428551,0.0187879301687147,0.5458991991477866,0.017989432944682048,0.028934329747337888,0.005110988533179393,2,False,False
KNN,AqlX-1,2,Burster,0.29527842396045356,0.013403640668912855,0.6725494654808426,0.012963844426200492,0.0317505005005005,0.005889049958145007,2,False,True
KNN,CenX-3,3,Pulsar,0.12315131430822923,0.006568524366359589,0.18428279804684294,0.014897179546436705,0.6895644637430303,0.013555667445995302,3,False,True
KNN,CirX-1,2,Atoll,0.2990180367018602,0.011975552727242135,0.5297226371255499,0.012282806158098375,0.1741745933278192,0.013380014119926233,2,False,True
KNN,CygX-1,1,HMBH,0.6980485302496174,0.01833585792272313,0.28381587726751245,0.01816626499534235,0.022093828111938874,0.003971479564358582,1,False,True
KNN,CygX-2,2,Atoll,0.12891941064185158,0.014652950630798573,0.8452357823210583,0.014921200398482602,0.02500516555607213,0.004895952018356136,2,False,True
KNN,CygX-3,1,LMBH,0.06372054044926381,0.009897593493686805,0.18746739944305613,0.019684295007119296,0.7477104018912535,0.019353388830777005,3,False,False
KNN,GROJ1008-57,3,Pulsar,0.1709126286049363,0.010912276943732617,0.2952019458351057,0.00974596132731996,0.5351286260643675,0.01748890752507183,3,False,True
KNN,GRS1739,1,LMBH,0.24112627717158613,0.018724685463545183,0.6974228446829924,0.016712688833473897,0.06251380079868452,0.009911260552574623,2,False,False
KNN,GRS1915,1,LMBH,0.14712003301497464,0.012693490718005213,0.7257076444484201,0.022229893896981445,0.13142866644812168,0.014250612744698625,2,False,False
KNN,GX13+1,2,Atoll,0.12794253233776612,0.013176136426109689,0.8416814258516853,0.014340110066980726,0.02671484164380995,0.0038789608989620045,2,False,True
KNN,GX17+2,2,Atoll,0.0260340676976948,0.004097633822970225,0.944541758376132,0.008475374552489345,0.03088753004847165,0.006404591482629302,2,False,True
KNN,GX3+1,2,Burster,0.3940694270043077,0.017640970612632766,0.49823842100878846,0.01987899579727258,0.10648045903677533,0.00890544501338274,2,False,True
KNN,GX301-2,3,Pulsar,0.20964148900732849,0.013325784556407674,0.07532147129186599,0.011703954773099028,0.7174952270150945,0.01777397998108127,3,False,True
KNN,GX339-4,1,LMBH,0.7301103230890466,0.020532529233354208,0.22242448904794757,0.015592047149519632,0.04694148936170214,0.0072433218733964555,1,False,True
KNN,GX349+2,2,Atoll,0.03564014916826255,0.004457395001525316,0.929190576320927,0.007584039077119095,0.03451486784820117,0.005711968880443047,2,False,True
KNN,GX5-1,2,Atoll,0.15039340011366858,0.01731260929945087,0.819853332351184,0.02000683983134269,0.03367030970974162,0.00738726629441879,2,False,True
KNN,GX9+1,2,Atoll,0.0667505766591133,0.00997621138211837,0.903785238349688,0.01309445651626109,0.0295383775882094,0.005493769413906391,2,False,True
KNN,GX9+9,2,Atoll,0.04589022520929131,0.006778014415093323,0.9339006795900184,0.010197201734964361,0.01800064210867636,0.005482808622032102,2,False,True
KNN,H0614+091,2,Burster,0.39923931934591694,0.027353379043333577,0.5639786950927064,0.027979809509325795,0.03290948832107369,0.0030921860436719647,2,False,True
KNN,H1636-536,2,Burster,0.2898517419337895,0.009925492663843898,0.610871225934635,0.016990622750827706,0.10292052409441786,0.010298664174332749,2,False,True
KNN,H1743,1,LMBH,0.3308916043922526,0.01456401580114977,0.5012430675081279,0.015240038286611616,0.16944923071567808,0.014887887280082501,2,False,False
KNN,HETEJ1900.1-2455,2,Burster,0.2783361577846687,0.016524043388523174,0.5300641677421036,0.016150645654941388,0.1825822942840437,0.0191567198352209,2,False,True
KNN,HerX-1,3,Pulsar,0.08174277995996805,0.0075637933414296355,0.09807916767286486,0.004689425241491627,0.8171878859249846,0.009467458005942406,3,False,True
KNN,LMCX-1,1,HMBH,0.7075835530965062,0.0210838286696853,0.24764581383163478,0.017165810452766314,0.051946599651913644,0.007907146676700366,1,False,True
KNN,LMCX-3,1,HMBH,0.6711928499046254,0.017136280942144783,0.30526627675390616,0.017052937099439867,0.02074233031314577,0.002875148038432733,1,False,True
KNN,LMCX-4,3,Pulsar,0.19930002792906026,0.011941066404558531,0.35443838477605005,0.014692954211417922,0.44502234088927645,0.012345579788081483,3,False,True
KNN,MAXIJ1535-571,1,LMBH,0.5661702904541446,0.027613029694517375,0.41702835648148145,0.0244945018284746,0.019454953061510436,0.004331045996897698,1,False,True
KNN,MAXIJ1820+070,1,LMBH,0.4522560667340748,0.016834994677016313,0.44535020739064846,0.011687218838520856,0.09666794492048379,0.013317030795886278,1,True,True
KNN,OAO1657,3,Pulsar,0.14999908545507756,0.0064395326681775875,0.24893288678749678,0.009219082122612344,0.6008214114130146,0.009350528629038594,3,False,True
KNN,SMCX-1,3,Pulsar,0.13592603428643732,0.01398757613565345,0.23373097330260245,0.02092359912880776,0.6213509114583333,0.028808084472316527,3,False,True
KNN,ScoX-1,2,Atoll,0.024738246232411006,0.008555919346566257,0.9587941111903853,0.012881164611879483,0.01746786449437218,0.007432532667116668,2,False,True
KNN,SerX-1,2,Burster,0.09229414583302464,0.013398382851064837,0.8854331841511189,0.012797131796092322,0.020036198704676968,0.0038108702557035287,2,False,True
KNN,VelaX-1,3,Pulsar,0.2944874925925261,0.012226046282895444,0.1588869528576391,0.017582490635363098,0.5455357142857142,0.015413654791805231,3,False,True
SVM,1A0535+262,3,Pulsar,0.10195982554362415,0.006329345281685252,0.34676190813384866,0.01279938008946664,0.5532359010956691,0.013368774478274127,3,False,True
SVM,4U1254-690,2,Burster,0.352528325474867,0.0171680849713054,0.5423334360032073,0.0201277602442297,0.09960333712558933,0.014122357381308641,2,False,True
SVM,4U1538-52,3,Pulsar,0.10654503425686518,0.006504441841487719,0.2215604268538639,0.008821142336483115,0.6729035143625963,0.011234327454928077,3,False,True
SVM,4U1608-52,2,Burster,0.2619580543445207,0.016868330344346143,0.6995703563064808,0.01800978875735992,0.03834315590418281,0.003118859106870953,2,False,True
SVM,4U1626-67,3,Pulsar,0.1212258675720815,0.009729833942218317,0.26798535463998713,0.023036550032420052,0.6153173646061291,0.023363114786084906,3,False,True
SVM,4U1630,1,LMBH,0.4306259979145032,0.04163451663504883,0.478846297465845,0.05087509552613834,0.0926788738238802,0.015245314169443976,2,True,False
SVM,4U1700-37,2,Atoll,0.2088163985589987,0.01634133996573663,0.3776684474295442,0.015425911878204154,0.412044855100146,0.017437235412206268,3,False,False
SVM,4U1705-44,2,Burster,0.14184838320196813,0.008177273897240397,0.8072329577933615,0.008138271293199972,0.05313997727344738,0.004464920732816848,2,False,True
SVM,4U1822-37,3,Pulsar,0.10051743891151568,0.010897225091309021,0.10751313730935996,0.012655747309382992,0.7918225271846537,0.01770281550231584,3,False,True
SVM,4U1916-053,2,Burster,0.2651794275528554,0.012245662254796737,0.6522084844529698,0.016728358324502833,0.08812248079040984,0.009747451523154562,2,False,True
SVM,4U1957+115,1,LMBH,0.45472310233464075,0.02053258517264804,0.5070483346516341,0.018200691686825653,0.03570404653708506,0.00460832288238348,2,False,False
SVM,AqlX-1,2,Burster,0.23397675834052917,0.009161091770743925,0.7266381123642506,0.010541912001560396,0.04070793678852274,0.005005075402544855,2,False,True
SVM,CenX-3,3,Pulsar,0.10367348648543817,0.0035850968052197137,0.13946400571457446,0.01384591786169683,0.7559299495086044,0.015235370471898319,3,False,True
SVM,CirX-1,2,Atoll,0.2710967204161403,0.013998990645422597,0.5616232481946314,0.016943078336339488,0.17022983546233741,0.01543523831794205,2,False,True
SVM,CygX-1,1,HMBH,0.6707251204093916,0.014149390888489719,0.3001974734316163,0.012544265139460312,0.028400653984525417,0.004206142168871102,1,False,True
SVM,CygX-2,2,Atoll,0.19774972042132458,0.008114357194579805,0.7747015001394528,0.007978526525695506,0.029346174040540695,0.0026052090977973117,2,False,True
SVM,CygX-3,1,LMBH,0.0758559295857362,0.010136722406857611,0.17358851982891538,0.01569002388270186,0.7465582245523705,0.020018444933176657,3,False,False
SVM,GROJ1008-57,3,Pulsar,0.1399883535524348,0.007059052245063368,0.27981873435923355,0.010122483160477086,0.5845911927166499,0.015434442707775331,3,False,True
SVM,GRS1739,1,LMBH,0.2393374911396734,0.017831394408473433,0.6977746896560779,0.01676804124633461,0.06352308429459512,0.00897285725761839,2,False,False
SVM,GRS1915,1,LMBH,0.20203623274519245,0.01762713943811986,0.7185385325131182,0.018784330886575367,0.07560892249262754,0.005326363700278669,2,False,False
SVM,GX13+1,2,Atoll,0.22528384498398568,0.01418380155189781,0.7561780481279246,0.01508785505353186,0.01853810688808936,0.0032420988379017633,2,False,True
SVM,GX17+2,2,Atoll,0.10322839885372004,0.009881914456426314,0.8417147133590965,0.01182575255526224,0.05483063560425731,0.0047031939809476465,2,False,True
SVM,GX3+1,2,Burster,0.34716338103352273,0.024507045240496357,0.5730645229759848,0.025378573987781355,0.07845379029033878,0.0037022139175667775,2,False,True
SVM,GX301-2,3,Pulsar,0.19523285437901142,0.022361222452347583,0.07525736787931675,0.010783273279981957,0.7323518698153528,0.0228750514297965,3,False,True
SVM,GX339-4,1,LMBH,0.6712952408967772,0.01814982184219828,0.2699485424383799,0.015065630162713324,0.058214120416040765,0.006301625414931421,1,False,True
SVM,GX349+2,2,Atoll,0.11064407244349503,0.007909448209126565,0.8267570158292323,0.007320981042826514,0.06342764754675197,0.004612943837842627,2,False,True
SVM,GX5-1,2,Atoll,0.22619525510827293,0.021457944000449848,0.7440130106004108,0.0247632131216726,0.029404286462426765,0.00601295661238753,2,False,True
SVM,GX9+1,2,Atoll,0.12839367871691573,0.009609640642328195,0.8362172000942867,0.010058215214422453,0.03666909323497116,0.004309907538125385,2,False,True
SVM,GX9+9,2,Atoll,0.12754582015248803,0.011160365248058066,0.8259945053837923,0.012488231563441483,0.050126354743537965,0.0059139242853232426,2,False,True
SVM,H0614+091,2,Burster,0.3820316559210637,0.02833865330116762,0.5802707427567723,0.02755861358800236,0.036212213431130374,0.0016980902679953728,2,False,True
SVM,H1636-536,2,Burster,0.23875465491434855,0.005577265653496274,0.6766446246897103,0.01025780425819462,0.08742201183695181,0.009315580438995713,2,False,True
SVM,H1743,1,LMBH,0.3172012844457134,0.01319722901595795,0.5308970631888211,0.014539668175703974,0.15339034030251714,0.013136410252684146,2,False,False
SVM,HETEJ1900.1-2455,2,Burster,0.2582594909852173,0.016890550194809634,0.5564844995825022,0.019100211658868296,0.16779926926446093,0.01909477107241777,2,False,True
SVM,HerX-1,3,Pulsar,0.06826552453001847,0.004863479365340509,0.0870321622703352,0.00549201371599595,0.8441867591237076,0.008651661945481812,3,False,True
SVM,LMCX-1,1,HMBH,0.719626942517348,0.022670351202102968,0.20819047944234428,0.018748284988106392,0.0768964289680974,0.013121557826055211,1,False,True
SVM,LMCX-3,1,HMBH,0.6994624988440412,0.016928516737852495,0.26271690715078677,0.016802007834081752,0.035367784637043265,0.0030115873895200534,1,False,True
SVM,LMCX-4,3,Pulsar,0.1871786552641953,0.018307669524213352,0.34221342894336154,0.016016843814552525,0.4663178033250658,0.012528100037500567,3,False,True
SVM,MAXIJ1535-571,1,LMBH,0.5903978302857427,0.02823454357268678,0.3477502677965536,0.028621411203330678,0.06212401838671355,0.002566326602152293,1,False,True
SVM,MAXIJ1820+070,1,LMBH,0.4078160356306378,0.013199074110445347,0.4964923724925834,0.009234811372068875,0.09908160202175285,0.009971828131214371,2,False,False
SVM,OAO1657,3,Pulsar,0.14756059288070922,0.004515966209571419,0.2351139799436553,0.008908306318248809,0.617590734419087,0.009212034596070721,3,False,True
SVM,SMCX-1,3,Pulsar,0.13947791588640893,0.01556366342047476,0.1734050657569035,0.01564389760700907,0.6857118085527187,0.02760198191582837,3,False,True
SVM,ScoX-1,2,Atoll,0.1251357596325936,0.011214324073932117,0.8408742810402234,0.009289034861481742,0.03167240187505778,0.0043319102526196245,2,False,True
SVM,SerX-1,2,Burster,0.15868298873636982,0.013439005929649143,0.8020969545250385,0.012272931891983273,0.03789478871005814,0.005178593694576477,2,False,True
SVM,VelaX-1,3,Pulsar,0.27157129444275024,0.01617694449668501,0.11395563902979967,0.01059474844442925,0.6131230872106067,0.02175025201275335,3,False,True
