rxte_source,rxte_label,nicer_name,nicer_label,sep_deg,canonical
GROJ1655-40,BH,,,1.7877966441260902,GROJ1655-40
GRS1915+105,BH,GRS 1915+105,BH,0.00024217692430275473,GRS 1915+105
XTEJ1550-564,BH,,,4.163257179683971,XTEJ1550-564
4U1543-47,BH,4U 1543-475,BH,0.0006272290960887752,4U 1543-475
GX339-4,BH,GX 339-4,BH,0.0003445545269155916,GX 339-4
XTEJ1650-500,BH,,,2.4117509544883293,XTEJ1650-500
XTEJ1118+480,BH,,,73.38152277939669,XTEJ1118+480
XTEJ1859+226,BH,,,12.357208831050002,XTEJ1859+226
V4641SGR,BH,SAX J1819.3-2525,BH,0.009585940184303133,SAX J1819.3-2525
4U1636-53,NS,4U 1636-536,NS,0.0013825221268251508,4U 1636-536
4U1608-52,NS,4U 1608-522,NS,0.0001361119782476557,4U 1608-522
4U1728-34,NS,4U 1728-34,NS,0.0013237974446580827,4U 1728-34
AQLX1,NS,Aql X-1,NS,0.0005655456180098464,Aql X-1
EXO0748-676,NS,EXO 0748-676,NS,0.0023805184370956326,EXO 0748-676
4U1254-690,NS,4U 1254-69,NS,0.00018343620352783235,4U 1254-69
4U1323-619,NS,4U 1323-62,NS,0.00060883579869817,4U 1323-62
MXB1658-298,NS,,,2.795063183707728,MXB1658-298
4U1702-429,NS,4U 1702-429,NS,0.0006451518398648347,4U 1702-429
4U1705-44,NS,4U 1705-44,NS,0.0014141906779958236,4U 1705-44
4U1724-307,NS,4U 1722-30,NS,0.0017248936694181562,4U 1722-30
KS1731-260,NS,,,2.722594293116104,KS1731-260
SLX1735-269,NS,,,1.53495776884755,SLX1735-269
4U1735-44,NS,4U 1735-444,NS,7.588506156264597e-06,4U 1735-444
GX3+1,NS,GX 3+1,NS,0.0007188951546312327,GX 3+1
4U1746-371,NS,,,1.002413165318318,4U1746-371
SAXJ1808.4-3658,NS,SAX J1808.4-3658,NS,0.0005628162392559154,SAX J1808.4-3658
XTEJ1814-338,NS,,,3.3797856641165693,XTEJ1814-338
GX17+2,NS,GX 17+2,NS,0.0002825449048093031,GX 17+2
4U1820-30,NS,4U 1820-303,NS,0.00013935354026829562,4U 1820-303
GS1826-238,NS,GS 1826-24,NS,2.8521662889138716e-05,GS 1826-24
HETEJ1900.1-245,NS,,,7.074579405901931,HETEJ1900.1-245
4U1915-05,NS,,,5.848139131411565,4U1915-05
CYGX2,NS,Cyg X-2,NS,0.0006824108662353204,Cyg X-2
2S0918-549,NS,2S 0918-549,NS,0.0009875083480685443,2S 0918-549
4U2127+119,NS,M15 X-2,NS,0.0017832331362886212,M15 X-2
A1744-361,NS,1A 1744-361,NS,0.0003264542842493838,1A 1744-361
EXO1745-248,NS,,,1.7830236814119964,EXO1745-248
GRS1747-312,NS,GRS 1747-312,NS,0.004137839675145364,GRS 1747-312
MXB0513-40,NS,4U 0513-40,NS,0.0006369448955979706,4U 0513-40
NGC6440,NS,,,4.104874467100086,NGC6440
SAXJ1747.0-2853,NS,SAX J1747.0-2853,NS,0.023806723222718814,SAX J1747.0-2853
SAXJ1750.8-2900,NS,SAX J1750.8-2900,NS,0.03657604140541526,SAX J1750.8-2900
SERX1,NS,Ser X-1,NS,0.0002686946525132744,Ser X-1
XTEJ1709-267,NS,XTE J1709-267,NS,0.0025461391074259607,XTE J1709-267
XTEJ1710-281,NS,,,1.4708453642241153,XTEJ1710-281
XTEJ1759-220,NS,,,1.7085618277989325,XTEJ1759-220
CYGX1,BH,Cyg X-1,BH,0.0011976451141421766,Cyg X-1
LMCX3,BH,LMC X-3,BH,0.0013374859446482772,LMC X-3
IGRJ00291+5934,NS,,,28.484352461698755,IGRJ00291+5934
IGRJ17498-2921,NS,IGR J17498-2921,NS,0.00027204047338018973,IGR J17498-2921
IGRJ17511-3057,NS,,,0.33564517799680693,IGRJ17511-3057
XTEJ0929-314,NS,,,15.447656163667695,XTEJ0929-314
XTEJ1751-305,NS,,,0.6586044352312237,XTEJ1751-305
XTEJ1807-294,NS,,,3.353329048450171,XTEJ1807-294
4U1626-67,NS,,,6.755928676403396,4U1626-67
4U1822-371,NS,,,3.4581922884317056,4U1822-371
GROJ1744-28,NS,,,0.5639677842177905,GROJ1744-28
HERX1,NS,,,27.185012604317354,HERX1
LMCX1,BH,LMC X-1,BH,6.037091348628668e-06,LMC X-1
GS1354-64,BH,,,4.3769147530959716,GS1354-64
SS433,BH,,,4.399951948263048,SS433
