component,point,ci2_5,ci97_5,n_valid_draws,n_hard_obs,n_BH_sources,n_NS_sources,role,verdict
RXTE S1,0.2643227342765093,0.04419100244637879,0.46891759519382187,2000,180.0,7.0,17.0,component,
RXTE X,0.06425120772946857,-0.1707968950577664,0.34076974448315933,1998,99.0,5.0,15.0,component,
NICER (full),0.1071428571428572,-0.010410432754182701,0.22378998316498303,2000,144.0,7.0,32.0,component,
POOLED (equal weights),0.1452389330496117,0.028404192265301862,0.256681518181891,1998,,,,PRIMARY,difference (CI excludes 0)
"pooled, weighted by BH sources",0.1537639567675215,0.04148285530382942,0.26002487066499136,1998,,,,descriptive,
RXTE S1 (RF),0.22972405098753323,0.062318530860620114,0.409844813819544,2000,,,,descriptive,
NICER full (RF),0.2190290178571428,0.09973992673992671,0.3374144292318633,2000,,,,descriptive,
pooled RF (RXTE S1 + NICER),0.22437653442233801,0.10754724435934929,0.3330231324563225,2000,,,,descriptive,
"NICER, background-screened (12-15/2-10 keV ratio <= 0.2687; 13 obs removed)",0.12647716384541685,0.015734469612020633,0.24175795849864862,2000,,,,descriptive,
pooled with background-screened NICER,0.1516837019504649,0.03575047472992391,0.26258196317556237,1998,,,,descriptive,
