obs_id,source_id,label,time_bin,rank_in_bin,mjd,cat_exposure,cat_npcu,cat_std1rate,url_base,path_src,path_bkg,path_rsp,date_obs,obs_mjd_start,exposure_s,bkg_exposure_s,pcus,npcu,n_gti,object_hdr,hdr_sep_deg,src_unit,src_class,bkg_class,poisserr,sys_err,backscal_ratio,rsp_detnam,gain_shift_channels,dtf,dcor,dtf_xe,dtf_std1,dtf_std1_vle150us,std1_npcu_on,std1_covered_s,std1_vle_rate_per_pcu,deadtime_method,net_rate_5_25,net_rate_err,net_snr,src_rate_5_25,bkg_rate_5_25,bkg_fraction,hardness_10_25_over_5_10,n_nonpositive_bins,status,reason,in_dataset
50110-01-06-03,CYGX1,BH,0,0,51684.28195,1176.0,2,810.75,https://heasarc.gsfc.nasa.gov/FTP/xte/data/archive/AO5/P50110/50110-01-06-03/stdprod/,data\raw\spectra\50110-01-06-03\xp50110010603_s2.pha.gz,data\raw\spectra\50110-01-06-03\xp50110010603_b2.pha.gz,data\raw\spectra\50110-01-06-03\xp50110010603.rsp.gz,2000-05-20T06:31:28,51684.271846787386,1184.0,1184.0,23,2,1,CYGNUS_X-1,0.0014533309073498524,count,TOTAL/COUNT,TOTAL/COUNT,False,0,1.0,PCU2,0.32196345925278536,0.02304635135135135,1.0235900151283839,0.008521875,0.02304635135135135,0.030051528716216216,2,1184.0,77.83530405405405,std1_gof_recipe,569.1800270015009,0.4030632851599923,1412.1356321888015,568.1692018450693,12.106697728016663,0.021308261145978072,0.6732046302927024,0,accepted,,True
50110-01-25-02,CYGX1,BH,1,0,51950.47335,1491.0,2,1539.9599609375,https://heasarc.gsfc.nasa.gov/FTP/xte/data/archive/AO5/P50110/50110-01-25-02/stdprod/,data\raw\spectra\50110-01-25-02\xp50110012502_s2.pha.gz,data\raw\spectra\50110-01-25-02\xp50110012502_b2.pha.gz,data\raw\spectra\50110-01-25-02\xp50110012502.rsp.gz,2001-02-10T11:07:12,51950.463374565166,1568.0,1568.0,23,2,1,CYGNUS_X-1,0.0014533309073498524,count,TOTAL/COUNT,TOTAL/COUNT,False,0,1.0,PCU2,0.27527409529707825,0.03098036236702128,1.031970830274087,0.0158239381377551,0.03098036236702128,0.037186751994680856,3,1504.0,68.95988475177305,std1_gof_recipe,980.5732640095748,0.4725643953481291,2075.0045362330043,961.1384570974208,10.94370813427532,0.011386193168593678,0.5267283798781388,0,accepted,,True
50110-01-44-01,CYGX1,BH,2,0,52314.3757,1935.0,2,1586.1199951171875,https://heasarc.gsfc.nasa.gov/FTP/xte/data/archive/AO5/P50110/50110-01-44-01/stdprod/,data\raw\spectra\50110-01-44-01\xp50110014401_s2.pha.gz,data\raw\spectra\50110-01-44-01\xp50110014401_b2.pha.gz,data\raw\spectra\50110-01-44-01\xp50110014401.rsp.gz,2002-02-09T08:40:32,52314.36162687998,1936.0,1936.0,24,2,1,CYGNUS_X-1,0.0014533309073498524,count,TOTAL/COUNT,TOTAL/COUNT,False,0,1.0,PCU2,0.21138190208201735,0.03184004907024794,1.0328871784457423,0.015890999483471075,0.03184004907024794,0.03759673295454546,3,1936.0,63.96315426997245,std1_gof_recipe,706.4933735950492,0.38071403823136984,1855.706127562585,694.2356880562583,10.237098144280502,0.014745854067143443,0.3375459050076565,0,accepted,,True
60089-03-06-02,CYGX1,BH,3,0,52322.36398,1953.0,2,2019.739990234375,https://heasarc.gsfc.nasa.gov/FTP/xte/data/archive/AO6/P60089/60089-03-06-02/stdprod/,data\raw\spectra\60089-03-06-02\xp60089030602_s2.pha.gz,data\raw\spectra\60089-03-06-02\xp60089030602_b2.pha.gz,data\raw\spectra\60089-03-06-02\xp60089030602.rsp.gz,2002-02-17T08:27:12,52322.3522403059,2032.00000000001,2032.00000000001,23,2,1,CYG_X-1_HL,0.00047060201644939076,count,TOTAL/COUNT,TOTAL/COUNT,False,0,1.0,PCU2,0.20997808785025285,0.03771690718157182,1.039195230034753,0.02051075541338573,0.03771690718157182,0.04391727303523035,3,1968.0,68.8929539295393,std1_gof_recipe,1074.8842651589198,0.45661289941603955,2354.038325534791,1043.644548509544,9.301593410554997,0.00891260671445929,0.37837347735880106,0,accepted,,True
60090-01-39-02,CYGX1,BH,4,0,52874.95773,1279.0,2,1950.530029296875,https://heasarc.gsfc.nasa.gov/FTP/xte/data/archive/AO6/P60090/60090-01-39-02/stdprod/,data\raw\spectra\60090-01-39-02\xp60090013902_s2.pha.gz,data\raw\spectra\60090-01-39-02\xp60090013902_b2.pha.gz,data\raw\spectra\60090-01-39-02\xp60090013902.rsp.gz,2003-08-23T22:43:44,52874.94726345405,1280.0,1280.0,23,2,1,CYGNUS_X-1,0.0014533309073498524,count,TOTAL/COUNT,TOTAL/COUNT,False,0,1.0,PCU2,0.11307243250682575,0.0357919140625,1.0371205288407217,0.019961890625000003,0.0357919140625,0.04167130468750001,3,1280.0,65.32656250000001,std1_gof_recipe,1207.0626769541532,0.6474092526623321,1864.4507658646614,1173.4083307287217,9.54873737616299,0.008137608304035935,0.4840169669915706,0,accepted,,True
90026-01-01-01,CYGX1,BH,5,0,53206.90695,3179.0,1,945.1900024414062,https://heasarc.gsfc.nasa.gov/FTP/xte/data/archive/AO9/P90026/90026-01-01-01/stdprod/,data\raw\spectra\90026-01-01-01\xp90026010101_s2.pha.gz,data\raw\spectra\90026-01-01-01\xp90026010101_b2.pha.gz,data\raw\spectra\90026-01-01-01\xp90026010101.rsp.gz,2004-07-20T21:11:44,53206.88314308368,3216.00000000001,3216.00000000001,2,1,1,CYG_X-1,0.00047060201644939076,count,TOTAL/COUNT,TOTAL/COUNT,False,0,1.0,PCU2,0.05478399411271084,0.023180150125628143,1.0237302201921974,0.009793700248756188,0.023180150125628143,0.02965357537688442,5,3184.0,71.9269472361809,std1_gof_recipe,615.5671285531159,0.4300104767297014,1431.5165835832713,610.1485631082951,8.850373007442224,0.014505275505944892,0.5903786059683581,0,accepted,,True
80110-01-12-03,CYGX1,BH,6,0,53241.95773,1710.0,2,1183.510009765625,https://heasarc.gsfc.nasa.gov/FTP/xte/data/archive/AO8/P80110/80110-01-12-03/stdprod/,data\raw\spectra\80110-01-12-03\xp80110011203_s2.pha.gz,data\raw\spectra\80110-01-12-03\xp80110011203_b2.pha.gz,data\raw\spectra\80110-01-12-03\xp80110011203.rsp.gz,2004-08-24T22:43:28,53241.94684678739,1712.0,1712.0,23,2,1,CYG_X-1,0.0014533309073498524,count,TOTAL/COUNT,TOTAL/COUNT,False,0,1.0,PCU2,0.048636788943895226,0.025577924454828663,1.0262493277777172,0.012196600467289721,0.025577924454828663,0.03175378894080997,3,1712.0,68.62071651090342,std1_gof_recipe,794.782999121855,0.474778740782106,1674.0071339601348,783.0625039837264,8.60840437139225,0.010993253191920361,0.5904467013316851,0,accepted,,True
91096-01-01-01,CYGX1,BH,7,0,53435.32492,1648.0,1,2024.489990234375,https://heasarc.gsfc.nasa.gov/FTP/xte/data/archive/AO10/P91096/91096-01-01-01/stdprod/,data\raw\spectra\91096-01-01-01\xp91096010101_s2.pha.gz,data\raw\spectra\91096-01-01-01\xp91096010101_b2.pha.gz,data\raw\spectra\91096-01-01-01\xp91096010101.rsp.gz,2005-03-06T07:32:32,53435.31434678739,1648.0,1648.0,2,1,1,CYG_X-1,0.0011522661471752202,count,TOTAL/COUNT,TOTAL/COUNT,False,0,1.0,PCU2,0.014576546721094985,0.03528921723300971,1.0365801003403248,0.020706905339805827,0.03528921723300971,0.0408173088592233,2,1648.0,61.42324029126213,std1_gof_recipe,1180.8412833194775,0.8592726784751288,1374.2334801276431,1148.5740351018594,9.40371634714863,0.008187296647633756,0.46696422711523017,0,accepted,,True
92090-01-09-00,CYGX1,BH,8,0,53913.10617,12287.0,1,702.8900146484375,https://heasarc.gsfc.nasa.gov/FTP/xte/data/archive/AO11/P92090/92090-01-09-00/stdprod/,data\raw\spectra\92090-01-09-00\xp92090010900_s2.pha.gz,data\raw\spectra\92090-01-09-00\xp92090010900_b2.pha.gz,data\raw\spectra\92090-01-09-00\xp92090010900.rsp.gz,2006-06-26T23:43:28,53912.988629194784,12415.9999999984,12415.9999999984,2,1,4,CYG_X-1,0.0011522661471752202,count,TOTAL/COUNT,TOTAL/COUNT,False,0,1.0,PCU2,0.06909787236811837,0.01370609592013889,1.013896563553159,0.007352590206186515,0.01370609592013889,0.01699562961154514,3,12288.0,36.550374348958336,std1_gof_recipe,487.43742958933706,0.19287404664313995,2527.231828609917,489.88967254180227,9.133107117482654,0.018643191782540234,0.6885463397494378,0,accepted,,True
80110-01-51-00,CYGX1,BH,9,0,54149.27804,2174.0,2,748.9500122070312,https://heasarc.gsfc.nasa.gov/FTP/xte/data/archive/AO8/P80110/80110-01-51-00/stdprod/,data\raw\spectra\80110-01-51-00\xp80110015100_s2.pha.gz,data\raw\spectra\80110-01-51-00\xp80110015100_b2.pha.gz,data\raw\spectra\80110-01-51-00\xp80110015100.rsp.gz,2007-02-18T06:17:36,54149.262217157746,2176.0,2176.0,23,2,1,CYG_X-1,0.0011522661471752202,count,TOTAL/COUNT,TOTAL/COUNT,False,0,1.0,PCU2,0.11065603964694759,0.020362981004901963,1.0207862510399925,0.00781241268382353,0.020362981004901963,0.02672637254901961,3,2176.0,70.70435049019608,std1_gof_recipe,532.6678135253503,0.33075597550269115,1610.4556016434428,531.042965387503,9.221856430891853,0.017365556145090156,0.7153765910960618,0,accepted,,True
93121-01-18-04,CYGX1,BH,10,0,54528.4421,3116.0,1,574.22998046875,https://heasarc.gsfc.nasa.gov/FTP/xte/data/archive/AO12/P93121/93121-01-18-04/stdprod/,data\raw\spectra\93121-01-18-04\xp93121011804_s2.pha.gz,data\raw\spectra\93121-01-18-04\xp93121011804_b2.pha.gz,data\raw\spectra\93121-01-18-04\xp93121011804.rsp.gz,2008-03-03T10:07:44,54528.42203197256,3168.0,3168.0,2,1,1,CYG_X-1,0.0011522661471752202,count,TOTAL/COUNT,TOTAL/COUNT,False,0,1.0,PCU2,0.17712040471632662,0.022666995192307693,1.0231927041047466,0.006076843434343435,0.022666995192307693,0.03171811057692307,2,3120.0,100.56794871794872,std1_gof_recipe,390.6812791464577,0.32003262850476283,1220.7545242239057,391.70311677069776,9.87740830037748,0.025216568052379568,0.6680335448645545,0,accepted,,True
94121-01-03-03,CYGX1,BH,11,0,54863.52023,1359.0,2,797.1599731445312,https://heasarc.gsfc.nasa.gov/FTP/xte/data/archive/AO13/P94121/94121-01-03-03/stdprod/,data\raw\spectra\94121-01-03-03\xp94121010303_s2.pha.gz,data\raw\spectra\94121-01-03-03\xp94121010303_b2.pha.gz,data\raw\spectra\94121-01-03-03\xp94121010303.rsp.gz,2009-02-01T12:13:52,54863.509832898475,1424.0,1424.0,24,2,1,CYG_X-1,0.0011522661471752202,count,TOTAL/COUNT,TOTAL/COUNT,False,0,1.0,PCU2,0.23587557406206372,0.02236494485294118,1.022876578264245,0.008075558286516854,0.02236494485294118,0.029261095588235295,2,1360.0,76.62389705882353,std1_gof_recipe,520.9812057787087,0.37333906693237995,1395.4639412892466,519.2305334949937,9.901043652944562,0.01906868532229726,0.6528451798733881,0,accepted,,True
94121-01-12-01,CYGX1,BH,12,0,54986.9421,5056.0,1,1162.8900146484375,https://heasarc.gsfc.nasa.gov/FTP/xte/data/archive/AO13/P94121/94121-01-12-01/stdprod/,data\raw\spectra\94121-01-12-01\xp94121011201_s2.pha.gz,data\raw\spectra\94121-01-12-01\xp94121011201_b2.pha.gz,data\raw\spectra\94121-01-12-01\xp94121011201.rsp.gz,2009-06-04T21:15:28,54986.88573567625,5120.00000000001,5120.00000000001,2,1,4,CYG_X-1,0.0011522661471752202,count,TOTAL/COUNT,TOTAL/COUNT,False,0,1.0,PCU2,0.25744844593023686,0.02069465029761905,1.0211319690063048,0.012036570312499977,0.02069465029761905,0.02486932886904762,4,5040.0,46.38531746031746,std1_gof_recipe,754.9623673264035,0.32978886941103525,2289.229374765373,748.9946454951881,9.655960348467154,0.012891895030949441,0.6025371077588921,0,accepted,,True
95121-01-17-02,CYGX1,BH,13,0,55422.94992,1052.0,1,1242.5400390625,https://heasarc.gsfc.nasa.gov/FTP/xte/data/archive/AO14/P95121/95121-01-17-02/stdprod/,data\raw\spectra\95121-01-17-02\xp95121011702_s2.pha.gz,data\raw\spectra\95121-01-17-02\xp95121011702_b2.pha.gz,data\raw\spectra\95121-01-17-02\xp95121011702.rsp.gz,2010-08-14T22:35:12,55422.94110604662,1136.0,1136.0,2,1,1,CYG_X-1,0.0011522661471752202,count,TOTAL/COUNT,TOTAL/COUNT,False,0,1.0,PCU2,0.3339259213585706,0.02855903409090909,1.029398630583983,0.012718257042253522,0.02855903409090909,0.03491443181818182,2,1056.0,70.6155303030303,std1_gof_recipe,515.4445897487836,0.573853469861192,898.2163859242033,510.12331810955726,9.399327971383714,0.01842559953192545,0.3237922766273137,0,accepted,,True
96121-01-12-00,CYGX1,BH,14,0,55716.99679,1814.0,1,549.4299926757812,https://heasarc.gsfc.nasa.gov/FTP/xte/data/archive/AO15/P96121/96121-01-12-00/stdprod/,data\raw\spectra\96121-01-12-00\xp96121011200_s2.pha.gz,data\raw\spectra\96121-01-12-00\xp96121011200_b2.pha.gz,data\raw\spectra\96121-01-12-00\xp96121011200.rsp.gz,2011-06-04T23:40:32,55716.986719472545,1808.0,1808.0,2,1,1,CYG_X-1,0.0011522661471752202,count,TOTAL/COUNT,TOTAL/COUNT,False,0,1.0,PCU2,0.38550253303778703,0.01848454646017699,1.0188326596321156,0.005845243362831858,0.01848454646017699,0.024693351769911505,1,1808.0,68.98672566371681,std1_gof_recipe,372.93431143185535,0.3704924643835544,1006.5908143431847,376.6043390983736,10.563549272774488,0.0280494624625532,0.6455898454865702,0,accepted,,True
80118-01-01-01,LMCX1,BH,0,0,53011.55929,3472.0,1,29.479999542236328,https://heasarc.gsfc.nasa.gov/FTP/xte/data/archive/AO8/P80118/80118-01-01-01/stdprod/,data\raw\spectra\80118-01-01-01\xp80118010101_s2.pha.gz,data\raw\spectra\80118-01-01-01\xp80118010101_b2.pha.gz,data\raw\spectra\80118-01-01-01\xp80118010101.rsp.gz,2004-01-07T12:54:08,53011.537587528124,3455.99999999999,3455.99999999999,2,1,2,LMC_X-1,0.00021553515276890258,count,TOTAL/COUNT,TOTAL/COUNT,False,0,1.0,PCU2,0.0890208035422475,0.013314043692129629,1.013493699395449,0.0005499884259259275,0.013314043692129629,0.02033654369212963,2,3456.0,78.02777777777777,std1_gof_recipe,7.32108280928201,0.08050419959959976,90.94038380226823,16.414289472836558,9.190679879951025,0.5599194467211246,0.15302388417508062,1,accepted,,True
80118-01-02-00,LMCX1,BH,1,0,53012.22335,3488.0,1,27.68000030517578,https://heasarc.gsfc.nasa.gov/FTP/xte/data/archive/AO8/P80118/80118-01-02-00/stdprod/,data\raw\spectra\80118-01-02-00\xp80118010200_s2.pha.gz,data\raw\spectra\80118-01-02-00\xp80118010200_b2.pha.gz,data\raw\spectra\80118-01-02-00\xp80118010200.rsp.gz,2004-01-08T04:39:12,53012.193883824424,3472.00000000001,3472.00000000001,2,1,2,LMC_X-1,0.00021553515276890258,count,TOTAL/COUNT,TOTAL/COUNT,False,0,1.0,PCU2,0.08884402584968143,0.011366391129032259,1.0114970713387064,0.0005432718894009201,0.011366391129032259,0.017758404377880184,3,3472.0,71.02236943164363,std1_gof_recipe,8.219171605849551,0.08082803799375507,101.68713493311047,17.03290590031398,8.907156613693152,0.5229381683796515,0.10819785948741222,6,accepted,,True
80118-01-03-00,LMCX1,BH,2,0,53012.61788,2078.0,2,29.06999969482422,https://heasarc.gsfc.nasa.gov/FTP/xte/data/archive/AO8/P80118/80118-01-03-00/stdprod/,data\raw\spectra\80118-01-03-00\xp80118010300_s2.pha.gz,data\raw\spectra\80118-01-03-00\xp80118010300_b2.pha.gz,data\raw\spectra\80118-01-03-00\xp80118010300.rsp.gz,2004-01-08T14:29:52,53012.60424262072,2144.0,2144.0,23,2,2,LMC_X-1,0.00021553515276890258,count,TOTAL/COUNT,TOTAL/COUNT,False,0,1.0,PCU2,0.08884402584968143,0.011451480943152454,1.0115841364610794,0.0005227005597014926,0.011451480943152454,0.017857323966408267,3,2064.0,71.17603359173127,std1_gof_recipe,9.668848835413481,0.07352319512605536,131.50746262912352,17.986356241030844,8.428230043798324,0.468590187520676,0.11627491700464858,4,accepted,,True
80118-01-04-02,LMCX1,BH,3,0,53013.05929,1279.0,2,30.43000030517578,https://heasarc.gsfc.nasa.gov/FTP/xte/data/archive/AO8/P80118/80118-01-04-02/stdprod/,data\raw\spectra\80118-01-04-02\xp80118010402_s2.pha.gz,data\raw\spectra\80118-01-04-02\xp80118010402_b2.pha.gz,data\raw\spectra\80118-01-04-02\xp80118010402.rsp.gz,2004-01-09T01:06:24,53013.04610604665,1344.0,1344.0,24,2,1,LMC_X-1,0.00021553515276890258,count,TOTAL/COUNT,TOTAL/COUNT,False,0,1.0,PCU2,0.08866924564322431,0.01137675237341772,1.0115076723117025,0.0005499813988095239,0.01137675237341772,0.01758971914556962,3,1264.0,69.03296413502109,std1_gof_recipe,8.276438359186749,0.09315982319302785,88.84128453140048,17.43690100226147,9.254621632821044,0.5307492215285715,0.12287187798815649,2,accepted,,True
80118-01-04-00,LMCX1,BH,4,0,53013.23898,7024.0,1,30.540000915527344,https://heasarc.gsfc.nasa.gov/FTP/xte/data/archive/AO8/P80118/80118-01-04-00/stdprod/,data\raw\spectra\80118-01-04-00\xp80118010400_s2.pha.gz,data\raw\spectra\80118-01-04-00\xp80118010400_b2.pha.gz,data\raw\spectra\80118-01-04-00\xp80118010400.rsp.gz,2004-01-09T04:16:00,53013.177784287385,7007.99999999967,7007.99999999967,2,1,3,LMC_X-1,0.00021553515276890258,count,TOTAL/COUNT,TOTAL/COUNT,False,0,1.0,PCU2,0.08866924564322431,0.009121989511986301,1.0092059662394703,0.0005550713470319897,0.009121989511986301,0.01405748073630137,4,7008.0,54.83879138127854,std1_gof_recipe,8.851916983687996,0.057667400988712134,153.4994959356791,17.75770083198389,8.98653094218207,0.506063877706295,0.11942720482479828,2,accepted,,True
80118-01-05-01,LMCX1,BH,5,0,53014.19601,1910.0,2,30.690000534057617,https://heasarc.gsfc.nasa.gov/FTP/xte/data/archive/AO8/P80118/80118-01-05-01/stdprod/,data\raw\spectra\80118-01-05-01\xp80118010501_s2.pha.gz,data\raw\spectra\80118-01-05-01\xp80118010501_b2.pha.gz,data\raw\spectra\80118-01-05-01\xp80118010501.rsp.gz,2004-01-10T04:21:20,53014.181557435535,2000.00000000001,2000.00000000001,24,2,1,LMC_X-1,0.00021553515276890258,count,TOTAL/COUNT,TOTAL/COUNT,False,0,1.0,PCU2,0.0884946816049137,0.010559118055555556,1.0106718028820527,0.0005395399999999973,0.010559118055555556,0.016396946180555556,3,1920.0,64.86475694444444,std1_gof_recipe,7.5879427878359405,0.07439915606565793,101.98963522031771,16.440370540344937,8.932549736204555,0.5433301952826387,0.09996897239536583,6,accepted,,True
80118-01-05-03,LMCX1,BH,6,0,53014.58663,2223.0,2,31.979999542236328,https://heasarc.gsfc.nasa.gov/FTP/xte/data/archive/AO8/P80118/80118-01-05-03/stdprod/,data\raw\spectra\80118-01-05-03\xp80118010503_s2.pha.gz,data\raw\spectra\80118-01-05-03\xp80118010503_b2.pha.gz,data\raw\spectra\80118-01-05-03\xp80118010503.rsp.gz,2004-01-10T13:44:32,53014.57271484294,2224.0,2224.0,23,2,1,LMC_X-1,0.00021553515276890258,count,TOTAL/COUNT,TOTAL/COUNT,False,0,1.0,PCU2,0.0884946816049137,0.01155519634292566,1.0116902798215677,0.0005515962230215828,0.01155519634292566,0.018000340227817747,3,2224.0,71.61270983213429,std1_gof_recipe,10.465345806124498,0.0732639992616169,142.84431523802039,18.747854115424722,8.403437434886605,0.44823462904870326,0.11829849651779302,0,accepted,,True
80118-01-05-02,LMCX1,BH,7,0,53014.72335,1615.0,2,32.310001373291016,https://heasarc.gsfc.nasa.gov/FTP/xte/data/archive/AO8/P80118/80118-01-05-02/stdprod/,data\raw\spectra\80118-01-05-02\xp80118010502_s2.pha.gz,data\raw\spectra\80118-01-05-02\xp80118010502_b2.pha.gz,data\raw\spectra\80118-01-05-02\xp80118010502.rsp.gz,2004-01-10T17:03:44,53014.71117549109,1616.00000000001,1616.00000000001,23,2,1,LMC_X-1,0.00021553515276890258,count,TOTAL/COUNT,TOTAL/COUNT,False,0,1.0,PCU2,0.0884946816049137,0.009912503094059407,1.010011744542817,0.0005680724009900955,0.009912503094059407,0.015407274133663365,3,1616.0,61.053011551155116,std1_gof_recipe,11.38362122116723,0.08850493516688379,128.62131585885484,20.064481614489594,8.793700573898786,0.4382720043735594,0.1129770141717849,8,accepted,,True
80118-01-06-00,LMCX1,BH,8,0,53015.77413,1369.0,2,30.34000015258789,https://heasarc.gsfc.nasa.gov/FTP/xte/data/archive/AO8/P80118/80118-01-06-00/stdprod/,data\raw\spectra\80118-01-06-00\xp80118010600_s2.pha.gz,data\raw\spectra\80118-01-06-00\xp80118010600_b2.pha.gz,data\raw\spectra\80118-01-06-00\xp80118010600.rsp.gz,2004-01-11T18:19:12,53015.76332826887,1456.0,1456.0,23,2,1,LMC_X-1,0.00021553515276890258,count,TOTAL/COUNT,TOTAL/COUNT,False,0,1.0,PCU2,0.0883178972748837,0.010122828246124031,1.0102263478085753,0.0005783619505494507,0.010122828246124031,0.01566421632751938,3,1376.0,61.57097868217054,std1_gof_recipe,11.44945746867113,0.09627195248270641,118.92827737889523,21.066293326523883,9.732736749319411,0.4620051851772727,0.13575499845219055,4,accepted,,True
80118-01-06-01,LMCX1,BH,9,0,53015.90695,1008.0,3,30.920000076293945,https://heasarc.gsfc.nasa.gov/FTP/xte/data/archive/AO8/P80118/80118-01-06-01/stdprod/,data\raw\spectra\80118-01-06-01\xp80118010601_s2.pha.gz,data\raw\spectra\80118-01-06-01\xp80118010601_b2.pha.gz,data\raw\spectra\80118-01-06-01\xp80118010601.rsp.gz,2004-01-11T21:35:28,53015.899624565165,1008.0,1008.0,234,3,1,LMC_X-1,0.00021553515276890258,count,TOTAL/COUNT,TOTAL/COUNT,False,0,1.0,PCU2,0.0883178972748837,0.010254890046296298,1.010361142422594,0.0005684093915343917,0.010254890046296298,0.015957144510582014,4,1008.0,63.35838293650794,std1_gof_recipe,10.745097699509344,0.0928171661789858,115.76627623804872,20.19316836506045,9.558260460996289,0.4733412948477476,0.13993417856033472,2,accepted,,True
80118-01-07-02,LMCX1,BH,10,0,53016.75851,1503.0,2,30.8799991607666,https://heasarc.gsfc.nasa.gov/FTP/xte/data/archive/AO8/P80118/80118-01-07-02/stdprod/,data\raw\spectra\80118-01-07-02\xp80118010702_s2.pha.gz,data\raw\spectra\80118-01-07-02\xp80118010702_b2.pha.gz,data\raw\spectra\80118-01-07-02\xp80118010702.rsp.gz,2004-01-12T17:55:44,53016.74727502813,1504.0,1504.0,23,2,1,LMC_X-1,0.00021553515276890258,count,TOTAL/COUNT,TOTAL/COUNT,False,0,1.0,PCU2,0.0881411105922254,0.010365025487588652,1.0104735844574364,0.000585249335106383,0.010365025487588652,0.016049586657801415,3,1504.0,63.16179078014184,std1_gof_recipe,11.793883027252763,0.09541889291088818,123.6011304204408,21.44625634479831,9.774617215720665,0.45577265600909656,0.13863815152552453,5,accepted,,True
80118-01-05-04,LMCX1,BH,11,0,53016.89132,1060.0,2,32.13999938964844,https://heasarc.gsfc.nasa.gov/FTP/xte/data/archive/AO8/P80118/80118-01-05-04/stdprod/,data\raw\spectra\80118-01-05-04\xp80118010504_s2.pha.gz,data\raw\spectra\80118-01-05-04\xp80118010504_b2.pha.gz,data\raw\spectra\80118-01-05-04\xp80118010504.rsp.gz,2004-01-12T21:12:32,53016.88369863924,1072.0,1072.0,23,2,1,LMC_X-1,0.00021553515276890258,count,TOTAL/COUNT,TOTAL/COUNT,False,0,1.0,PCU2,0.0881411105922254,0.010591725746268658,1.0107051113497687,0.0005941511194029851,0.010591725746268658,0.016474944029850745,3,1072.0,65.369092039801,std1_gof_recipe,12.237904501796095,0.11330908074796735,108.00462258639963,21.724645728613048,9.616361755009002,0.44264757525336795,0.13580385680464324,5,accepted,,True
95338-06-02-00,LMCX1,BH,12,0,55217.27804,1396.0,1,31.270000457763672,https://heasarc.gsfc.nasa.gov/FTP/xte/data/archive/AO14/P95338/95338-06-02-00/stdprod/,data\raw\spectra\95338-06-02-00\xp95338060200_s2.pha.gz,data\raw\spectra\95338-06-02-00\xp95338060200_b2.pha.gz,data\raw\spectra\95338-06-02-00\xp95338060200.rsp.gz,2010-01-21T06:12:32,55217.25869863921,1424.0,1424.0,2,1,1,LMC_X-1,0.000169139864295139,count,TOTAL/COUNT,TOTAL/COUNT,False,0,1.0,PCU2,0.2979658025892675,0.012608153735632184,1.0127691491309483,0.0005817626404494383,0.012608153735632184,0.020031666666666666,1,1392.0,82.48347701149426,std1_gof_recipe,10.1790732287024,0.11715352356401075,86.88661611736093,19.663063785765534,9.612329877216869,0.4888520925297215,0.15424587844886026,5,accepted,,True
95338-06-02-01,LMCX1,BH,13,0,55217.34835,1756.0,1,30.920000076293945,https://heasarc.gsfc.nasa.gov/FTP/xte/data/archive/AO14/P95338/95338-06-02-01/stdprod/,data\raw\spectra\95338-06-02-01\xp95338060201_s2.pha.gz,data\raw\spectra\95338-06-02-01\xp95338060201_b2.pha.gz,data\raw\spectra\95338-06-02-01\xp95338060201.rsp.gz,2010-01-21T07:46:56,55217.32430049107,1840.0,1840.0,2,1,1,LMC_X-1,0.000169139864295139,count,TOTAL/COUNT,TOTAL/COUNT,False,0,1.0,PCU2,0.2979658025892675,0.012211467889908258,1.0123624313230508,0.0005895978260869566,0.012211467889908258,0.01929912270642202,1,1744.0,78.75172018348624,std1_gof_recipe,9.002325953417195,0.10169155203363754,88.5257995712309,18.79277923480897,9.900384895706422,0.5268185600439774,0.16477564868093372,2,accepted,,True
95338-06-04-00,LMCX1,BH,14,0,55253.59835,4884.0,1,28.8799991607666,https://heasarc.gsfc.nasa.gov/FTP/xte/data/archive/AO14/P95338/95338-06-04-00/stdprod/,data\raw\spectra\95338-06-04-00\xp95338060400_s2.pha.gz,data\raw\spectra\95338-06-04-00\xp95338060400_b2.pha.gz,data\raw\spectra\95338-06-04-00\xp95338060400.rsp.gz,2010-02-26T13:20:16,55253.55579354662,5040.00000000002,5040.00000000002,2,1,2,LMC_X-1,0.000169139864295139,count,TOTAL/COUNT,TOTAL/COUNT,False,0,1.0,PCU2,0.3042837304404884,0.011983923611111112,1.0121292799757988,0.0005939345238095215,0.011983923611111112,0.018748831699346404,1,4896.0,75.1656454248366,std1_gof_recipe,8.592668039801696,0.06252619518241512,137.42509063174694,19.231777972763847,10.74208381036677,0.5585590591561409,0.11648459840680109,7,accepted,,True
60097-01-10-04,LMCX3,BH,0,0,52200.11398,1615.0,2,32.4900016784668,https://heasarc.gsfc.nasa.gov/FTP/xte/data/archive/AO6/P60097/60097-01-10-04/stdprod/,data\raw\spectra\60097-01-10-04\xp60097011004_s2.pha.gz,data\raw\spectra\60097-01-10-04\xp60097011004_b2.pha.gz,data\raw\spectra\60097-01-10-04\xp60097011004.rsp.gz,2001-10-18T02:25:20,52200.10110604665,1616.00000000001,1616.00000000001,23,2,1,LMC_X-3,0.0013444004675179214,count,TOTAL/COUNT,TOTAL/COUNT,False,0,1.0,PCU2,0.2313935041858315,0.01060100144389439,1.010714586793968,0.0005835488861386102,0.01060100144389439,0.0164446524339934,3,1616.0,64.92945544554455,std1_gof_recipe,9.951617909208464,0.07857854004398858,126.64549256880451,19.004132196536805,9.158011403152946,0.48189579552713513,0.03659784417741146,12,accepted,,True
91105-03-04-00,LMCX3,BH,1,0,53444.97726,1121.0,1,71.94999694824219,https://heasarc.gsfc.nasa.gov/FTP/xte/data/archive/AO10/P91105/91105-03-04-00/stdprod/,data\raw\spectra\91105-03-04-00\xp91105030400_s2.pha.gz,data\raw\spectra\91105-03-04-00\xp91105030400_b2.pha.gz,data\raw\spectra\91105-03-04-00\xp91105030400.rsp.gz,2005-03-15T23:03:12,53444.96055049109,1216.0,1216.0,2,1,1,LMC_X-3,0.0013708308350051336,count,TOTAL/COUNT,TOTAL/COUNT,False,0,1.0,PCU2,0.012994498300834323,0.015529446428571429,1.0157744143511802,0.0009937993421052632,0.015529446428571429,0.023813424107142857,2,1120.0,92.04419642857142,std1_gof_recipe,23.14963350956018,0.1871101533606945,123.72195251710552,32.45681365102436,9.666681134891968,0.29783210511136793,0.05202520300428386,7,accepted,,True
91105-03-34-00,LMCX3,BH,2,0,53550.78585,1256.0,1,60.47999954223633,https://heasarc.gsfc.nasa.gov/FTP/xte/data/archive/AO10/P91105/91105-03-34-00/stdprod/,data\raw\spectra\91105-03-34-00\xp91105033400_s2.pha.gz,data\raw\spectra\91105-03-34-00\xp91105033400_b2.pha.gz,data\raw\spectra\91105-03-34-00\xp91105033400.rsp.gz,2005-06-29T18:21:52,53550.76526113924,1296.0,1296.0,2,1,1,LMC_X-3,0.0013708308350051336,count,TOTAL/COUNT,TOTAL/COUNT,False,0,1.0,PCU2,0.005617262983214744,0.011131570512820514,1.011256877235522,0.000861929012345679,0.011131570512820514,0.01697425080128205,2,1248.0,64.91866987179488,std1_gof_recipe,18.780691733117106,0.16971978597763765,110.65705524511831,27.689513901659495,9.117880762849127,0.3292900263699708,0.03988149382922784,14,accepted,,True
91105-03-81-00,LMCX3,BH,3,0,53714.41476,1152.0,3,44.65999984741211,https://heasarc.gsfc.nasa.gov/FTP/xte/data/archive/AO10/P91105/91105-03-81-00/stdprod/,data\raw\spectra\91105-03-81-00\xp91105038100_s2.pha.gz,data\raw\spectra\91105-03-81-00\xp91105038100_b2.pha.gz,data\raw\spectra\91105-03-81-00\xp91105038100.rsp.gz,2005-12-10T09:46:40,53714.40740234294,1152.0,1152.0,123,3,2,LMC_X-3,0.0013708308350051336,count,TOTAL/COUNT,TOTAL/COUNT,False,0,1.0,PCU1,0.778169535701771,0.013632598298122064,1.0138210146387647,0.0006986140046296296,0.013632598298122064,0.0210979834213615,4,1136.0,82.9487235915493,std1_gof_recipe,13.464053810590562,0.07547498643743,178.39094044425542,22.441875696286225,9.161371922759745,0.4082266583570734,0.05102007612185472,2,accepted,,True
91105-03-91-00,LMCX3,BH,4,0,53750.78585,2806.0,2,33.5099983215332,https://heasarc.gsfc.nasa.gov/FTP/xte/data/archive/AO10/P91105/91105-03-91-00/stdprod/,data\raw\spectra\91105-03-91-00\xp91105039100_s2.pha.gz,data\raw\spectra\91105-03-91-00\xp91105039100_b2.pha.gz,data\raw\spectra\91105-03-91-00\xp91105039100.rsp.gz,2006-01-15T18:28:15,53750.77101345404,2784.0,2784.0,24,2,2,LMC_X-3,0.0013708308350051336,count,TOTAL/COUNT,TOTAL/COUNT,False,0,1.0,PCU2,0.04069308980404429,0.013193757782567051,1.0133701604409389,0.000579836566091954,0.013193757782567051,0.02031241079980843,3,2784.0,79.09614463601532,std1_gof_recipe,8.223971637968184,0.06789273406399533,121.13183761632447,17.433591717876304,9.31812516971017,0.5344925658753049,0.031019216145557263,9,accepted,,True
92095-03-63-01,LMCX3,BH,5,0,54015.58663,1920.0,1,59.880001068115234,https://heasarc.gsfc.nasa.gov/FTP/xte/data/archive/AO11/P92095/92095-03-63-01/stdprod/,data\raw\spectra\92095-03-63-01\xp92095036301_s2.pha.gz,data\raw\spectra\92095-03-63-01\xp92095036301_b2.pha.gz,data\raw\spectra\92095-03-63-01\xp92095036301.rsp.gz,2006-10-07T13:38:56,54015.568698639225,2080.0,2080.0,2,1,1,LMC_X-3,0.0013708308350051336,count,TOTAL/COUNT,TOTAL/COUNT,False,0,1.0,PCU2,0.08716059103552709,0.011805052083333333,1.0119460761342902,0.0008590192307692309,0.011805052083333333,0.017916661458333333,2,1920.0,67.90677083333334,std1_gof_recipe,18.996757632870956,0.1267440502217557,149.88283552272145,27.91090009298326,9.138400173382806,0.3274133096008674,0.07277995379365126,2,accepted,,True
92095-03-03-10,LMCX3,BH,6,0,54148.11788,1536.0,1,42.59999847412109,https://heasarc.gsfc.nasa.gov/FTP/xte/data/archive/AO11/P92095/92095-03-03-10/stdprod/,data\raw\spectra\92095-03-03-10\xp92095030310_s2.pha.gz,data\raw\spectra\92095-03-03-10\xp92095030310_b2.pha.gz,data\raw\spectra\92095-03-03-10\xp92095030310.rsp.gz,2007-02-17T02:27:12,54148.10221715774,1664.0,1664.0,2,1,1,LMC_X-3,0.0013708308350051336,count,TOTAL/COUNT,TOTAL/COUNT,False,0,1.0,PCU2,0.11048339861027756,0.016894300130208335,1.0171846222969168,0.0007047295673076923,0.016894300130208335,0.026194065755208336,2,1536.0,103.33072916666667,std1_gof_recipe,14.659456281934151,0.133706705901882,109.63890092911048,24.327120189639913,9.915325161878423,0.40758318636091667,0.16529722547063305,1,accepted,,True
92095-03-12-11,LMCX3,BH,7,0,54196.62179,1398.0,2,27.290000915527344,https://heasarc.gsfc.nasa.gov/FTP/xte/data/archive/AO11/P92095/92095-03-12-11/stdprod/,data\raw\spectra\92095-03-12-11\xp92095031211_s2.pha.gz,data\raw\spectra\92095-03-12-11\xp92095031211_b2.pha.gz,data\raw\spectra\92095-03-12-11\xp92095031211.rsp.gz,2007-04-06T14:44:16,54196.61416160219,1424.0,1424.0,24,2,1,LMC_X-3,0.0013708308350051336,count,TOTAL/COUNT,TOTAL/COUNT,False,0,1.0,PCU2,0.11890032644516424,0.011250104166666667,1.0113781090790255,0.0005190941011235956,0.011250104166666667,0.01778910274621212,3,1408.0,72.65553977272727,std1_gof_recipe,6.215493297716991,0.08548416650767605,72.7092928625428,15.483215787373913,9.337647436703454,0.6030819156003767,1.3811795258775318e-05,19,accepted,,True
93113-01-54-00,LMCX3,BH,8,0,54466.88351,1819.0,1,26.280000686645508,https://heasarc.gsfc.nasa.gov/FTP/xte/data/archive/AO12/P93113/93113-01-54-00/stdprod/,data\raw\spectra\93113-01-54-00\xp93113015400_s2.pha.gz,data\raw\spectra\93113-01-54-00\xp93113015400_b2.pha.gz,data\raw\spectra\93113-01-54-00\xp93113015400.rsp.gz,2008-01-01T20:53:20,54466.87043475034,1824.0,1824.0,2,1,1,LMC_X-3,0.0013708308350051336,count,TOTAL/COUNT,TOTAL/COUNT,False,0,1.0,PCU2,0.16624806588887964,0.014651112938596493,1.0148689597471312,0.0005274890350877193,0.014651112938596493,0.023194155701754385,1,1824.0,94.92269736842105,std1_gof_recipe,6.4912952442907885,0.10458902595230891,62.064783424321455,15.89523285438422,9.499042309835307,0.5976032183268887,0.0019380675987307257,20,accepted,,True
93113-01-32-10,LMCX3,BH,9,0,54733.66476,1922.0,1,21.43000030517578,https://heasarc.gsfc.nasa.gov/FTP/xte/data/archive/AO12/P93113/93113-01-32-10/stdprod/,data\raw\spectra\93113-01-32-10\xp93113013210_s2.pha.gz,data\raw\spectra\93113-01-32-10\xp93113013210_b2.pha.gz,data\raw\spectra\93113-01-32-10\xp93113013210.rsp.gz,2008-09-24T15:41:04,54733.65351345404,1936.0,1936.0,2,1,1,LMC_X-3,0.0013708308350051336,count,TOTAL/COUNT,TOTAL/COUNT,False,0,1.0,PCU2,0.213074577673126,0.013811002066115702,1.0140044170996132,0.0004781921487603306,0.013811002066115702,0.021262848657024793,2,1936.0,82.79829545454545,std1_gof_recipe,5.112590624459836,0.09495333076327565,53.843194160358955,14.539383725597533,9.497403100815315,0.6532190964940637,0.05285082694994602,10,accepted,,True
94113-01-05-00,LMCX3,BH,10,0,54842.19992,1842.0,1,11.789999961853027,https://heasarc.gsfc.nasa.gov/FTP/xte/data/archive/AO13/P94113/94113-01-05-00/stdprod/,data\raw\spectra\94113-01-05-00\xp94113010500_s2.pha.gz,data\raw\spectra\94113-01-05-00\xp94113010500_b2.pha.gz,data\raw\spectra\94113-01-05-00\xp94113010500.rsp.gz,2009-01-11T04:29:04,54842.186846787365,1920.0,1920.0,2,1,2,LMC_X-3,0.0013708308350051336,count,TOTAL/COUNT,TOTAL/COUNT,False,0,1.0,PCU2,0.2321921511824243,0.014023994565217392,1.0142234643519883,0.0003837239583333334,0.014023994565217392,0.022241092391304347,1,1840.0,91.30108695652174,std1_gof_recipe,4.301951806047709,0.0919234044795296,46.799308950809255,13.81489446474006,9.573273207440193,0.6929675237023479,0.30683356982991555,0,accepted,,True
94113-01-94-00,LMCX3,BH,11,0,55154.8132,1943.0,1,17.18000030517578,https://heasarc.gsfc.nasa.gov/FTP/xte/data/archive/AO13/P94113/94113-01-94-00/stdprod/,data\raw\spectra\94113-01-94-00\xp94113019400_s2.pha.gz,data\raw\spectra\94113-01-94-00\xp94113019400_b2.pha.gz,data\raw\spectra\94113-01-94-00\xp94113019400.rsp.gz,2009-11-19T19:13:36,55154.80110604662,2000.00000000001,2000.00000000001,2,1,2,LMC_X-3,0.0013708308350051336,count,TOTAL/COUNT,TOTAL/COUNT,False,0,1.0,PCU2,0.2869156219172595,0.011487985537190083,1.0116214930816325,0.00048555499999999765,0.011487985537190083,0.017904018595041322,1,1936.0,71.2892561983471,std1_gof_recipe,6.176889006568661,0.09587171868065253,64.4286875376022,17.130937601807847,11.025008606811472,0.6435729825814082,0.2579808202832931,3,accepted,,True
95113-01-32-00,LMCX3,BH,12,0,55308.42648,1943.0,1,59.79999923706055,https://heasarc.gsfc.nasa.gov/FTP/xte/data/archive/AO14/P95113/95113-01-32-00/stdprod/,data\raw\spectra\95113-01-32-00\xp95113013200_s2.pha.gz,data\raw\spectra\95113-01-32-00\xp95113013200_b2.pha.gz,data\raw\spectra\95113-01-32-00\xp95113013200.rsp.gz,2010-04-22T09:55:28,55308.41369863921,1952.0,1952.0,2,1,1,LMC_X-3,0.0013708308350051336,count,TOTAL/COUNT,TOTAL/COUNT,False,0,1.0,PCU2,0.31392831869357707,0.012278130122950821,1.0124307565696395,0.0008999590163934428,0.012278130122950821,0.018923883196721312,1,1952.0,73.84170081967213,std1_gof_recipe,18.738933537008794,0.11802349383774709,158.77290976295077,29.050932766138523,10.542078293462453,0.3628826095990348,0.030949294299228762,15,accepted,,True
96113-01-15-00,LMCX3,BH,13,0,55611.58663,1951.0,1,57.119998931884766,https://heasarc.gsfc.nasa.gov/FTP/xte/data/archive/AO15/P96113/96113-01-15-00/stdprod/,data\raw\spectra\96113-01-15-00\xp96113011500_s2.pha.gz,data\raw\spectra\96113-01-15-00\xp96113011500_b2.pha.gz,data\raw\spectra\96113-01-15-00\xp96113011500.rsp.gz,2011-02-19T13:45:36,55611.573328268845,1952.0,1952.0,2,1,1,LMC_X-3,0.0013708308350051336,count,TOTAL/COUNT,TOTAL/COUNT,False,0,1.0,PCU2,0.36708320282194506,0.012318165983606556,1.012471795632319,0.0008682940573770492,0.012318165983606556,0.019000066598360652,1,1952.0,74.24334016393442,std1_gof_recipe,17.726300871201524,0.11336504997667665,156.3647779879996,27.87189974149987,10.36395438670515,0.37184241055781847,0.045174945572190955,7,accepted,,True
96113-01-62-00,LMCX3,BH,14,0,55777.04757,1805.0,1,11.739999771118164,https://heasarc.gsfc.nasa.gov/FTP/xte/data/archive/AO15/P96113/96113-01-62-00/stdprod/,data\raw\spectra\96113-01-62-00\xp96113016200_s2.pha.gz,data\raw\spectra\96113-01-62-00\xp96113016200_b2.pha.gz,data\raw\spectra\96113-01-62-00\xp96113016200.rsp.gz,2011-08-04T00:33:20,55777.02453197255,1792.0,1792.0,2,1,2,LMC_X-3,0.0013708308350051336,count,TOTAL/COUNT,TOTAL/COUNT,False,0,1.0,PCU2,0.3962018281580413,0.013672444196428574,1.0138619712244472,0.00037751674107142856,0.013672444196428574,0.02171739955357143,1,1792.0,89.38839285714286,std1_gof_recipe,3.02802427207356,0.08532984131940419,35.48611160237773,12.39389434640248,9.407270567214278,0.7590245893894427,0.17892473062581588,5,accepted,,True
