feature,e_lo_keV,e_hi_keV,A_definition,B_definition
bin00,4.90806770324707,5.314803600311279,"asinh(net_rate/0.1); net_rate in count/s/keV/PCU (deadtime-corrected net, not flux)",net_rate / F_5_25 ; F_5_25 = net count/s/PCU summed over grid; units 1/keV
bin01,5.314803600311279,5.722122669219971,"asinh(net_rate/0.1); net_rate in count/s/keV/PCU (deadtime-corrected net, not flux)",net_rate / F_5_25 ; F_5_25 = net count/s/PCU summed over grid; units 1/keV
bin02,5.722122669219971,6.130021572113037,"asinh(net_rate/0.1); net_rate in count/s/keV/PCU (deadtime-corrected net, not flux)",net_rate / F_5_25 ; F_5_25 = net count/s/PCU summed over grid; units 1/keV
bin03,6.130021572113037,6.538496494293213,"asinh(net_rate/0.1); net_rate in count/s/keV/PCU (deadtime-corrected net, not flux)",net_rate / F_5_25 ; F_5_25 = net count/s/PCU summed over grid; units 1/keV
bin04,6.538496494293213,6.947542667388916,"asinh(net_rate/0.1); net_rate in count/s/keV/PCU (deadtime-corrected net, not flux)",net_rate / F_5_25 ; F_5_25 = net count/s/PCU summed over grid; units 1/keV
bin05,6.947542667388916,7.357156276702881,"asinh(net_rate/0.1); net_rate in count/s/keV/PCU (deadtime-corrected net, not flux)",net_rate / F_5_25 ; F_5_25 = net count/s/PCU summed over grid; units 1/keV
bin06,7.357156276702881,7.767333507537842,"asinh(net_rate/0.1); net_rate in count/s/keV/PCU (deadtime-corrected net, not flux)",net_rate / F_5_25 ; F_5_25 = net count/s/PCU summed over grid; units 1/keV
bin07,7.767333507537842,8.178070068359375,"asinh(net_rate/0.1); net_rate in count/s/keV/PCU (deadtime-corrected net, not flux)",net_rate / F_5_25 ; F_5_25 = net count/s/PCU summed over grid; units 1/keV
bin08,8.178070068359375,8.589361190795898,"asinh(net_rate/0.1); net_rate in count/s/keV/PCU (deadtime-corrected net, not flux)",net_rate / F_5_25 ; F_5_25 = net count/s/PCU summed over grid; units 1/keV
bin09,8.589361190795898,9.001202583312988,"asinh(net_rate/0.1); net_rate in count/s/keV/PCU (deadtime-corrected net, not flux)",net_rate / F_5_25 ; F_5_25 = net count/s/PCU summed over grid; units 1/keV
bin10,9.001202583312988,9.413590431213379,"asinh(net_rate/0.1); net_rate in count/s/keV/PCU (deadtime-corrected net, not flux)",net_rate / F_5_25 ; F_5_25 = net count/s/PCU summed over grid; units 1/keV
bin11,9.413590431213379,9.826519966125488,"asinh(net_rate/0.1); net_rate in count/s/keV/PCU (deadtime-corrected net, not flux)",net_rate / F_5_25 ; F_5_25 = net count/s/PCU summed over grid; units 1/keV
bin12,9.826519966125488,10.239985466003418,"asinh(net_rate/0.1); net_rate in count/s/keV/PCU (deadtime-corrected net, not flux)",net_rate / F_5_25 ; F_5_25 = net count/s/PCU summed over grid; units 1/keV
bin13,10.239985466003418,10.653983116149902,"asinh(net_rate/0.1); net_rate in count/s/keV/PCU (deadtime-corrected net, not flux)",net_rate / F_5_25 ; F_5_25 = net count/s/PCU summed over grid; units 1/keV
bin14,10.653983116149902,11.068509101867676,"asinh(net_rate/0.1); net_rate in count/s/keV/PCU (deadtime-corrected net, not flux)",net_rate / F_5_25 ; F_5_25 = net count/s/PCU summed over grid; units 1/keV
bin15,11.068509101867676,11.483556747436523,"asinh(net_rate/0.1); net_rate in count/s/keV/PCU (deadtime-corrected net, not flux)",net_rate / F_5_25 ; F_5_25 = net count/s/PCU summed over grid; units 1/keV
bin16,11.483556747436523,11.899123191833496,"asinh(net_rate/0.1); net_rate in count/s/keV/PCU (deadtime-corrected net, not flux)",net_rate / F_5_25 ; F_5_25 = net count/s/PCU summed over grid; units 1/keV
bin17,11.899123191833496,12.315200805664062,"asinh(net_rate/0.1); net_rate in count/s/keV/PCU (deadtime-corrected net, not flux)",net_rate / F_5_25 ; F_5_25 = net count/s/PCU summed over grid; units 1/keV
bin18,12.315200805664062,12.731786727905273,"asinh(net_rate/0.1); net_rate in count/s/keV/PCU (deadtime-corrected net, not flux)",net_rate / F_5_25 ; F_5_25 = net count/s/PCU summed over grid; units 1/keV
bin19,12.731786727905273,13.14887523651123,"asinh(net_rate/0.1); net_rate in count/s/keV/PCU (deadtime-corrected net, not flux)",net_rate / F_5_25 ; F_5_25 = net count/s/PCU summed over grid; units 1/keV
bin20,13.14887523651123,13.566461563110352,"asinh(net_rate/0.1); net_rate in count/s/keV/PCU (deadtime-corrected net, not flux)",net_rate / F_5_25 ; F_5_25 = net count/s/PCU summed over grid; units 1/keV
bin21,13.566461563110352,13.984539031982422,"asinh(net_rate/0.1); net_rate in count/s/keV/PCU (deadtime-corrected net, not flux)",net_rate / F_5_25 ; F_5_25 = net count/s/PCU summed over grid; units 1/keV
bin22,13.984539031982422,14.403103828430176,"asinh(net_rate/0.1); net_rate in count/s/keV/PCU (deadtime-corrected net, not flux)",net_rate / F_5_25 ; F_5_25 = net count/s/PCU summed over grid; units 1/keV
bin23,14.403103828430176,14.822149276733398,"asinh(net_rate/0.1); net_rate in count/s/keV/PCU (deadtime-corrected net, not flux)",net_rate / F_5_25 ; F_5_25 = net count/s/PCU summed over grid; units 1/keV
bin24,14.822149276733398,15.241670608520508,"asinh(net_rate/0.1); net_rate in count/s/keV/PCU (deadtime-corrected net, not flux)",net_rate / F_5_25 ; F_5_25 = net count/s/PCU summed over grid; units 1/keV
bin25,15.241670608520508,15.661662101745605,"asinh(net_rate/0.1); net_rate in count/s/keV/PCU (deadtime-corrected net, not flux)",net_rate / F_5_25 ; F_5_25 = net count/s/PCU summed over grid; units 1/keV
bin26,15.661662101745605,16.08211898803711,"asinh(net_rate/0.1); net_rate in count/s/keV/PCU (deadtime-corrected net, not flux)",net_rate / F_5_25 ; F_5_25 = net count/s/PCU summed over grid; units 1/keV
bin27,16.08211898803711,16.503032684326172,"asinh(net_rate/0.1); net_rate in count/s/keV/PCU (deadtime-corrected net, not flux)",net_rate / F_5_25 ; F_5_25 = net count/s/PCU summed over grid; units 1/keV
bin28,16.503032684326172,16.924402236938477,"asinh(net_rate/0.1); net_rate in count/s/keV/PCU (deadtime-corrected net, not flux)",net_rate / F_5_25 ; F_5_25 = net count/s/PCU summed over grid; units 1/keV
bin29,16.924402236938477,17.346216201782227,"asinh(net_rate/0.1); net_rate in count/s/keV/PCU (deadtime-corrected net, not flux)",net_rate / F_5_25 ; F_5_25 = net count/s/PCU summed over grid; units 1/keV
bin30,17.346216201782227,17.76847267150879,"asinh(net_rate/0.1); net_rate in count/s/keV/PCU (deadtime-corrected net, not flux)",net_rate / F_5_25 ; F_5_25 = net count/s/PCU summed over grid; units 1/keV
bin31,17.76847267150879,18.191165924072266,"asinh(net_rate/0.1); net_rate in count/s/keV/PCU (deadtime-corrected net, not flux)",net_rate / F_5_25 ; F_5_25 = net count/s/PCU summed over grid; units 1/keV
bin32,18.191165924072266,18.61428451538086,"asinh(net_rate/0.1); net_rate in count/s/keV/PCU (deadtime-corrected net, not flux)",net_rate / F_5_25 ; F_5_25 = net count/s/PCU summed over grid; units 1/keV
bin33,18.61428451538086,19.037830352783203,"asinh(net_rate/0.1); net_rate in count/s/keV/PCU (deadtime-corrected net, not flux)",net_rate / F_5_25 ; F_5_25 = net count/s/PCU summed over grid; units 1/keV
bin34,19.037830352783203,19.461790084838867,"asinh(net_rate/0.1); net_rate in count/s/keV/PCU (deadtime-corrected net, not flux)",net_rate / F_5_25 ; F_5_25 = net count/s/PCU summed over grid; units 1/keV
bin35,19.461790084838867,19.88616180419922,"asinh(net_rate/0.1); net_rate in count/s/keV/PCU (deadtime-corrected net, not flux)",net_rate / F_5_25 ; F_5_25 = net count/s/PCU summed over grid; units 1/keV
bin36,19.88616180419922,20.310937881469727,"asinh(net_rate/0.1); net_rate in count/s/keV/PCU (deadtime-corrected net, not flux)",net_rate / F_5_25 ; F_5_25 = net count/s/PCU summed over grid; units 1/keV
bin37,20.310937881469727,20.736112594604492,"asinh(net_rate/0.1); net_rate in count/s/keV/PCU (deadtime-corrected net, not flux)",net_rate / F_5_25 ; F_5_25 = net count/s/PCU summed over grid; units 1/keV
bin38,20.736112594604492,21.161678314208984,"asinh(net_rate/0.1); net_rate in count/s/keV/PCU (deadtime-corrected net, not flux)",net_rate / F_5_25 ; F_5_25 = net count/s/PCU summed over grid; units 1/keV
bin39,21.161678314208984,21.587627410888672,"asinh(net_rate/0.1); net_rate in count/s/keV/PCU (deadtime-corrected net, not flux)",net_rate / F_5_25 ; F_5_25 = net count/s/PCU summed over grid; units 1/keV
bin40,21.587627410888672,22.013957977294922,"asinh(net_rate/0.1); net_rate in count/s/keV/PCU (deadtime-corrected net, not flux)",net_rate / F_5_25 ; F_5_25 = net count/s/PCU summed over grid; units 1/keV
bin41,22.013957977294922,22.440658569335938,"asinh(net_rate/0.1); net_rate in count/s/keV/PCU (deadtime-corrected net, not flux)",net_rate / F_5_25 ; F_5_25 = net count/s/PCU summed over grid; units 1/keV
bin42,22.440658569335938,23.295146942138672,"asinh(net_rate/0.1); net_rate in count/s/keV/PCU (deadtime-corrected net, not flux)",net_rate / F_5_25 ; F_5_25 = net count/s/PCU summed over grid; units 1/keV
bin43,23.295146942138672,24.151042938232422,"asinh(net_rate/0.1); net_rate in count/s/keV/PCU (deadtime-corrected net, not flux)",net_rate / F_5_25 ; F_5_25 = net count/s/PCU summed over grid; units 1/keV
bin44,24.151042938232422,25.00828742980957,"asinh(net_rate/0.1); net_rate in count/s/keV/PCU (deadtime-corrected net, not flux)",net_rate / F_5_25 ; F_5_25 = net count/s/PCU summed over grid; units 1/keV
