sample,source_id,label,band,n_obs,var_mean,var_se,z,rms,rms_3sigma_upper,SR2000_call
S1,4U1323-619,NS,HF3,12,0.07152811667099272,0.0140320348986239,5.097487084927887,0.26744740916859283,0.3370819208543591,NS
S1,4U1543-47,BH,HF3,4,0.005814589292734091,0.0029505995603554998,1.9706467020667238,0.07625345430034032,0.12110486354313187,BH
S1,4U1608-52,NS,HF3,4,0.007149192172735064,0.0041522668286820275,1.7217564447813416,0.08455289570875182,0.14002140071710875,BH
S1,4U1636-53,NS,HF3,1,0.0177232552526154,0.0129762408411337,1.3658235439368562,0.13312871685934408,0.2380167594435663,BH
S1,4U1702-429,NS,HF3,6,0.0067577399731384965,0.0012400725146131755,5.449471618396837,0.0822054741068896,0.10236189484851295,NS
S1,4U1705-44,NS,HF3,3,0.001047365497179942,0.0021697594578610484,0.48271041906757545,0.0323630266999232,0.08692895875807491,BH
S1,4U1724-307,NS,HF3,9,0.007873209956204122,0.002848645918834953,2.763842955752159,0.0887311104190865,0.12813722219834867,BH
S1,4U1728-34,NS,HF3,4,0.0034792366233253177,0.0010829353794834559,3.212783227180981,0.05898505423686001,0.08202464728223881,NS
S1,4U1820-30,NS,HF3,1,0.0031335850252628005,0.0032354692080163003,0.9685102295206308,0.055978433572785875,0.11331369135859842,BH
S1,AQLX1,NS,HF3,4,0.0025013758176822003,0.0026509510422195537,0.9435767684294467,0.05001375628446838,0.10224592385196028,BH
S1,EXO0748-676,NS,HF3,3,0.006087076202751858,0.0144871810803757,0.42016981557560545,0.07801971675641907,0.222595191870532,BH
S1,GROJ1655-40,BH,HF3,1,0.0114253345213406,0.0056982897038109,2.005046270936272,0.10688935644553484,0.16887925755631833,BH
S1,GS1826-238,NS,HF3,15,0.0016361600017305166,0.0005739304113849765,2.85079857988746,0.040449474678053814,0.05794783202058077,BH
S1,GX339-4,BH,HF3,6,-0.00017136695184051537,0.00045218800936558363,-0.37897279072247386,-0.01309072006577619,0.03683156293312505,BH
S1,HETEJ1900.1-245,NS,HF3,11,0.007367018638494983,0.002540446167042976,2.8998916544923414,0.08583133832403514,0.12242694613370012,BH
S1,KS1731-260,NS,HF3,10,0.001450507013434636,0.0004596020630277364,3.1560063152873616,0.03808552236000756,0.05319128878414064,NS
S1,MXB1658-298,NS,HF3,1,0.014360718801270999,0.0148814634726831,0.9650071599229473,0.11983621656774299,0.24290967296367655,BH
S1,SAXJ1808.4-3658,NS,HF3,10,0.0053478756067276995,0.0006747089735185326,7.926196058782382,0.07312917069629396,0.08586036645206738,NS
S1,SLX1735-269,NS,HF3,6,0.025204072216928608,0.008157335953340297,3.0897430682143168,0.15875790442346047,0.22288131388016694,NS
S1,XTEJ1118+480,BH,HF3,6,0.0032502457161791517,0.0035075981673372354,0.9266300075206588,0.057010926287678856,0.11735859669487728,BH
S1,XTEJ1550-564,BH,HF3,13,0.00043842361742039835,0.0005113930595497799,0.8573124121128621,0.020938567702218754,0.04441399324615766,BH
S1,XTEJ1650-500,BH,HF3,7,0.00018139524103393326,0.00016303969424380385,1.1125832998845127,0.013468305054235045,0.02589429133545355,BH
S1,XTEJ1814-338,NS,HF3,11,0.007951143298968007,0.0033418028954957588,2.379297507248239,0.08916918357239796,0.13407666458207887,BH
