sample,source_id,label,band,n_obs,var_mean,var_se,z,rms,SR2000_call
S1,4U1323-619,NS,HF3c,12,-0.027177997512971997,0.028105555486231365,-0.9669973442185205,-0.16485750669281637,BH
S1,4U1543-47,BH,HF3c,4,-0.001235943857099148,0.005730785843734199,-0.21566743040144784,-0.035155993188916566,BH
S1,4U1608-52,NS,HF3c,4,0.020951256798975932,0.008134886335926492,2.5754824264043963,0.14474548973621226,BH
S1,4U1636-53,NS,HF3c,1,0.06156539205135421,0.028159278697693246,2.186327026068233,0.24812374342523977,BH
S1,4U1702-429,NS,HF3c,6,0.00576707031805515,0.0025225149968260505,2.2862382682804876,0.07594122936886885,BH
S1,4U1705-44,NS,HF3c,3,-0.00755918505881882,0.004076378455167361,-1.8543874524791806,-0.08694357399381981,BH
S1,4U1724-307,NS,HF3c,9,0.00219842144969795,0.00572700741173897,0.38386914694605107,0.046887327175879304,BH
S1,4U1728-34,NS,HF3c,4,0.004074048430750057,0.0022292613381859868,1.8275328966433457,0.06382827297326833,BH
S1,4U1820-30,NS,HF3c,1,0.0035532116081725997,0.006436462484720329,0.552044172805738,0.0596088215633609,BH
S1,AQLX1,NS,HF3c,4,-0.007429794769274459,0.005414006523985757,-1.3723283738869032,-0.08619625728112827,BH
S1,EXO0748-676,NS,HF3c,3,-0.0315733311655359,0.029355724242012545,-1.0755425723869425,-0.17768886055556746,BH
S1,GROJ1655-40,BH,HF3c,1,-0.007431148141118999,0.012095255883859844,-0.6143853600513962,-0.08620410744923353,BH
S1,GS1826-238,NS,HF3c,15,-0.000524148745156074,0.0011815960812476514,-0.44359384181659056,-0.02289429503514083,BH
S1,GX339-4,BH,HF3c,6,0.00015047484936836172,0.0009075264749472051,0.1658076690017396,0.012266819040336484,BH
S1,HETEJ1900.1-245,NS,HF3c,11,-0.0001845019151637385,0.004787921310279303,-0.03853486789092104,-0.01358314820517462,BH
S1,KS1731-260,NS,HF3c,10,0.0006130298254325157,0.0009272374174768766,0.6611357715703955,0.024759439117890285,BH
S1,MXB1658-298,NS,HF3c,1,0.0164363087036654,0.030223353487376106,0.5438280934155976,0.1282041680432637,BH
S1,SAXJ1808.4-3658,NS,HF3c,10,0.004653878562790979,0.0014083149470751415,3.3045722992973876,0.06821934155934796,NS
S1,SLX1735-269,NS,HF3c,6,0.023106585713917268,0.016939401356727345,1.364073335728637,0.15200850539991922,BH
S1,XTEJ1118+480,BH,HF3c,6,-0.006011270729051309,0.006971599426876931,-0.8622513086274923,-0.07753238503394119,BH
S1,XTEJ1550-564,BH,HF3c,13,0.0008080154931965119,0.0010458855953660543,0.772565849244449,0.02842561333017305,BH
S1,XTEJ1650-500,BH,HF3c,7,0.0003226283781574505,0.00031262768815810055,1.031989137169106,0.017961858983898366,BH
S1,XTEJ1814-338,NS,HF3c,11,-0.0008970432336513597,0.006900810658082681,-0.12999099353648894,-0.029950680019848627,BH
X,2S0918-549,NS,HF3c,1,-0.3160080957285963,0.4276012460350043,-0.7390251984970296,-0.5621459736835231,BH
X,4U1626-67,NS,HF3c,2,0.007460160151299713,0.014298569249500038,0.5217417226244901,0.08637221863133836,BH
X,4U2127+119,NS,HF3c,1,-0.0489559342482437,0.23818984231352114,-0.20553325772727404,-0.22125987943647557,BH
X,EXO1745-248,NS,HF3c,2,0.0016003099982083422,0.0016986627826075958,0.9420998767935131,0.04000387478992932,BH
X,GROJ1744-28,NS,HF3c,4,0.00018982329187615553,0.000550298967665236,0.3449457531812616,0.013777637383679233,BH
X,GS1354-64,BH,HF3c,7,-0.0016011445409925109,0.0010789946739493423,-1.4839225620382284,-0.04001430420477796,BH
X,HERX1,NS,HF3c,1,-0.0011799196144748,0.0024448762526603244,-0.4826091354075296,-0.0343499579981519,BH
X,IGRJ00291+5934,NS,HF3c,7,0.013364703618860994,0.009981764062380305,1.3389119934451723,0.11560581135419186,BH
X,IGRJ17511-3057,NS,HF3c,4,-0.013389147416149487,0.012916773833069604,-1.036570554628007,-0.11571148351027864,BH
X,MXB0513-40,NS,HF3c,3,0.16235076458933703,0.22477862563646636,0.7222695847064494,0.4029277411513596,BH
X,NGC6440,NS,HF3c,2,0.002640466602882673,0.02436582515353717,0.10836762499296514,0.05138547073719062,BH
X,SAXJ1750.8-2900,NS,HF3c,1,-0.009520900378296001,0.02866793410551259,-0.3321097482383712,-0.09757510122103898,BH
X,V4641SGR,BH,HF3c,3,0.00012136898671766017,0.003055676937581724,0.03971918144387087,0.011016759356437816,BH
X,XTEJ1709-267,NS,HF3c,1,-0.18955198696126477,0.23452538327354047,-0.8082365512656656,-0.43537568485305284,BH
X,XTEJ1751-305,NS,HF3c,10,0.006081112383661551,0.003972886296840799,1.5306535171915676,0.07798148744196633,BH
X,XTEJ1759-220,NS,HF3c,2,-0.09010097746557223,0.04060236009687273,-2.2191069004511386,-0.3001682485966366,BH
