left_out,D_pooled
4U 1543-475,-0.42004680594655364
Cyg X-1,-0.37230061859644986
GROJ1655-40,-0.3837950743339361
GRS 1915+105,-0.32892129574850765
GS1354-64,-0.36769075990140737
GX 339-4,-0.3494839160731094
LMC X-1,-0.3566320379986629
LMC X-3,-0.3921655896614471
MAXI J1820+070,-0.3486264446553722
SAX J1819.3-2525,-0.36146462086426007
Swift J1727.8-1613,-0.37580387350319877
XTEJ1118+480,-0.348711313623565
XTEJ1550-564,-0.36431290554657586
XTEJ1650-500,-0.3668005656595071
XTEJ1859+226,-0.38279326481219184
