source,name,cls,nh_1e22,logNH,t_L,t_M,t_H
J1958+352,Cyg X-1,BH,0.704691884643586,21.84799927011398,0.9031740777585074,0.9855953913063811,0.9975831291421753
J0539-697,LMC X-1,BH,0.598194069814534,21.776842103346603,0.9170294337436936,0.9877536026966257,0.9979476091576696
J1911+049,SS 433,BH,0.667633304472839,21.82453799305815,0.9079661012885047,0.9863457551987252,0.9977099466763093
J0538-640,LMC X-3,BH,0.044636199518687504,20.64968721016056,0.993498445234229,0.999079712861542,0.9998466939180217
J1819-254,SAX J1819.3-2525,BH,0.158673563778753,21.200504576021537,0.9771178711664831,0.9967326638955165,0.9994550329641777
J1654-398,GRO J1655-40,BH,0.505095176711814,21.70337322133863,0.9293607843920643,0.9896457940517758,0.9982664738019212
J1702-487,GX 339-4,BH,0.389522124157423,21.590532129856108,0.9449662192817975,0.9920029520462641,0.9986627958649442
J1358-647,GS 1354-64,BH,0.716420450567991,21.85516797449981,0.9016473479465775,0.9853551124051579,0.9975424903952346
J1650-499,XTE J1650-500,BH,0.367896871893663,21.565726095183408,0.9479218570823474,0.9924447663414954,0.9987369696998395
J1820+071,MAXI J1820+070,BH,0.13099887777278102,21.117267575204036,0.9810615908487786,0.9973014938281723,0.9995500452350542
J1915+109,GRS 1915+105,BH,1.3897535528518,22.14293779296925,0.8199327079044794,0.9718448284406332,0.9952409129882375
J1306-704,MAXI J1305-704,BH,0.207803057598164,21.317651933443685,0.9701627827274846,0.9957235604895974,0.9992863401063168
J1732-247,GX 1+4,PSR,0.292912283619153,21.46673758471047,0.958268745096858,0.993980153405356,0.9989944679207323
J1806-294,XTE J1807-294,PSR,0.267789098967296,21.42779289398029,0.9617554343014992,0.994493538759795,0.9990804715369512
J1900-249,HETE J1900.1-2455,PSR,0.10445777606044501,21.01894077533059,0.9848632442800679,0.997847560084042,0.9996412015212104
J1911+005,Aql X-1,PSR,0.312837148710095,21.495318318946183,0.9555004713316013,0.9935710467901986,0.9989258972514244
J1632-674,4U 1626-67,PSR,0.0951776387819457,20.97853492638529,0.9861956960346198,0.9980384256704603,0.9996730505387021
J1657+353,Her X-1,PSR,0.015388425320471799,20.187194181259763,0.99775205296761,0.9996825191548941,0.9999471293000352
J1825-371,2A 1822-371,PSR,0.102964783200164,21.012688709393473,0.9850814957515893,0.9978788511635032,0.9996464236771642
J1955+320,4U 1954+31,PSR,0.886597093883457,21.94772630342119,0.8800627076529484,0.9819156365958716,0.9969597190808356
J1727-162,Swift J1727.8-1613,BH,0.196594946644758,21.293572350360296,0.9717440289638144,0.9959536484252723,0.9993248200453766
J1747-288,SAX J1747.0-2853,NPNS,0.201652058267594,21.304602659220883,0.9710365088573262,0.9958507756514702,0.999307617438672
J1620-500,MAXI J1621-501,NPNS,1.82514455790848,22.261297267814783,0.7719234473804945,0.9632240338823461,0.9937544927573911
J1810-190,XTE J1810-189,NPNS,1.60895313475211,22.2065433942451,0.7953012370266587,0.9674902277443689,0.9944918212606139
J1750-312,GRS 1747-312,NPNS,0.521945208518734,21.717624915096312,0.927120712555744,0.9893041233568154,0.998208946547807
J1700-461,XTE J1701-462,NPNS,0.687004161692183,21.836959367910318,0.9054380735100439,0.985950060935051,0.9976430750495874
J1714-340,2S 1711-339,NPNS,0.449987401752865,21.65320035505134,0.9367636120220386,0.9907691481905843,0.9984554743851545
J1810-261,SAX J1810.8-2609,NPNS,0.262978539880444,21.419920309737783,0.9624367122233036,0.9945936972066577,0.9990972466809911
J0920-552,2S 0918-549,NPNS,0.528934495976018,21.723401891699442,0.9261816665247494,0.989160481284075,0.99818475148045
J1841-055,AX J1841.0-0536,PSR,1.96617872513222,22.293622992545355,0.757125196965791,0.9604516687977388,0.9932734763963881
J2144+383,Cyg X-2,NPNS,0.189901929378589,21.278529377134163,0.9726919818032836,0.996091406848419,0.9993478545580248
J1725-362,EXO 1722-363,PSR,1.47779924710861,22.16961544096367,0.8099155295569611,0.9700902445736763,0.9949394975310156
J1718-404,RX J1718.4-4029,NPNS,0.6604141738126911,21.819816385521378,0.9088909491683199,0.986489877602939,0.997734287569034
J1121-606,4U 1119-603,PSR,1.10043396084946,22.041563984827363,0.8538420543051138,0.9776155761482538,0.9962280895172959
J0617+091,4U 0614+09,NPNS,0.463225804810538,21.66579274453343,0.9349886955510139,0.9905007869762132,0.9984103470719249
J1520-571,Cir X-1,NPNS,1.63373425529261,22.213181415203756,0.7925903163445082,0.9670030962407128,0.9944078225672357
J1829-098,XTE J1829-098,PSR,1.786664801316,22.252043081552255,0.7760245333721785,0.9639825646408153,0.9938858505912366
J1148-622,2S 1145-619,PSR,1.14594388953066,22.059163353177798,0.8483946663835003,0.9767049753858629,0.9960727255313053
J1700-416,OAO 1657-415,PSR,1.79761053893411,22.2546956055768,0.774871911262482,0.9637709827204648,0.9938492512872492
J1706-617,IGR J17062-6143,NPNS,0.10251891025792301,21.010803981130174,0.985144230148553,0.9978878386601783,0.9996479234041112
J1853-087,4U 1850-086,NPNS,0.250805790013195,21.399337558242234,0.9641330234645243,0.9948425700972877,0.9991389170681358
J1640-537,4U 1636-536,NPNS,0.30222708557350303,21.480333383192917,0.9569699485604011,0.9937883458255785,0.9989623220889803
J1301-616,4U 1258-61,PSR,0.9659581918841911,21.984958329907293,0.8702481427241767,0.980323046695537,0.9966891677200038
J0538+263,1A 0535+262,PSR,0.438871802047753,21.64233767788651,0.938272336118037,0.9909970217238346,0.9984937875454986
J1226-627,4U 1223-624,PSR,1.41894118209026,22.151964393468003,0.8165649416285807,0.9712560380995865,0.9951397940565981
J1823-303,4U 1820-303,NPNS,0.13288705055310798,21.123482662302138,0.9807955632300069,0.9972632095993973,0.9995436526171293
J0440+445,RX J0440.9+4431,PSR,0.570873363471162,21.75653977962016,0.9206357375588625,0.988309859744208,0.9980414173299463
J0902-405,4U 0900-40,PSR,0.36535363295626,21.562713430184075,0.9482719384508799,0.9924970153486224,0.9987457395352854
J1009-582,GRO J1008-57,PSR,1.22221157995869,22.08714639416726,0.8393440675707677,0.9751777037318529,0.9958117878093561
J1701-408,XTE J1701-407,NPNS,1.3366591253833502,22.12602066766588,0.826007138985796,0.9728958780121091,0.9954211458427626
J1910+075,4U 1909+07,PSR,1.21338874700803,22.08399996297083,0.8403861305130448,0.9753544708072278,0.9958420118302291
J1147-619,1E 1145.1-6141,PSR,1.19132530576249,22.076030367030153,0.843025571859838,0.9758022041528517,0.9959185662561877
J0334+531,V 0332+53,PSR,0.691839363579513,21.840005268431483,0.9048134388246716,0.9858522078574712,0.9976265360198695
J1542-523,4U 1538-52,PSR,0.7381833573897569,21.868164249644156,0.8988578983869867,0.9849156980372902,0.9974681616585472
J1945+273,XTE J1946+274,PSR,1.01101242182415,22.004756491591536,0.8647060376479297,0.9794144953385724,0.9965345925771661
J2032+376,EXO 2030+375,PSR,0.8821039655295101,21.945519774468398,0.8806289589593855,0.9820071145902227,0.99697524947578
J1738-444,4U 1735-444,NPNS,0.273359501515222,21.43673417383363,0.9609816735681598,0.9943797839017344,0.9990614191835157
J1845+008,GS 1843+009,PSR,0.912980354267818,21.960461432381095,0.8767945504859802,0.9813876652526533,0.9968700843710052
J1249-590,4U 1246-588,NPNS,0.33517912437004804,21.525276962066776,0.9524173475594685,0.9931140054717446,0.9988492586840929
J1746-295,1A 1742-294,NPNS,1.25206790926325,22.09762788463997,0.8358727147524285,0.9745888516957641,0.9957111046012861
J1708-441,4U 1705-44,NPNS,0.657480807820858,21.817883080083245,0.9092696366008456,0.9865488898409647,0.9977442541704313
J1750-370,4U 1746-37,NPNS,0.257823471580379,21.41132245186078,0.9631460841648082,0.994697777092784,0.9991146735654717
J1257-692,4U 1254-69,NPNS,0.235675006735512,21.37231352816545,0.966251976836579,0.995152837721605,0.9991908526043205
J1748-248,IGR J17480-2446,PSR,0.538474902689849,21.73116546645051,0.924919699486079,0.9889674432910676,0.9981522361654442
J1612-524,4U 1608-522,NPNS,1.66011358477577,22.220137803433886,0.7896765266258586,0.9664751438606256,0.9943166734680162
J1712-376,SAX J1712.6-3739,NPNS,1.14744251233677,22.059730936300515,0.8482142881766278,0.9766746574879696,0.9960675486605156
J2129+121,M15 X-2,NPNS,0.06737493998711659,20.828498391355822,0.9902054321643461,0.9986111698336883,0.9997685841980112
J1712-408,4U 1708-40,NPNS,1.00523806688541,22.002268926324486,0.8654023825063011,0.9795286514322018,0.996554014368068
J1710-281,XTE J1710-281,NPNS,0.23201401079912,21.365514211740113,0.9667588066431739,0.9952269071573896,0.9992032476833395
J1747-265,GX 3+1,NPNS,0.844511860095053,21.926605753063534,0.8853378373419348,0.9827643188100649,0.9971037154851077
J1815-120,4U 1812-12,NPNS,0.629164218993711,21.798764016024595,0.9129681140131545,0.9871244721173668,0.9978414459861373
J1918-052,XB 1916-053,NPNS,0.23486835082696,21.370824498313326,0.9663629710402248,0.9951690587053207,0.9991935670893546
J1814-171,GX 13+1,NPNS,1.64819664938089,22.217009026927812,0.790987062569764,0.966712601137088,0.994357669621588
J1727-308,4U 1722-30,NPNS,0.559061183841708,21.74745933981982,0.9221828444426791,0.9885475327848566,0.9980814757156957
J1848-024,2S 1845-024,PSR,1.8136971487728,22.258564770266876,0.7731542892362216,0.9634530859512882,0.9937941944843651
J1828-106,SAX J1828.5-1037,NPNS,1.83603672797063,22.26388136455337,0.7707594520358174,0.9630074215363353,0.9937169472147543
J1326-621,4U 1323-62,NPNS,1.1674943907835,22.067254802679155,0.8458231995909976,0.9762727642612329,0.9959989242026654
J1816-140,GX 17+2,NPNS,0.852229280161651,21.930556451237567,0.8843677230064815,0.9826086575818811,0.9970773145314339
J1839+050,Ser X-1,NPNS,0.43788184048829304,21.641356934826153,0.9384040985854484,0.991016874246781,0.9984971242480475
J1825-000,4U 1822-000,NPNS,0.33507222429453304,21.525138428624366,0.9524319481468656,0.9931161725229424,0.9988496221278206
J1421-626,2S 1417-624,PSR,1.11686742149488,22.048001622954033,0.8518799177368451,0.977288651573445,0.9961723373322151
J1709-266,XTE J1709-267,NPNS,0.214221667266376,21.330863395059456,0.9692657981130348,0.9955928988517649,0.9992644849067503
J1557-544,2S 1553-542,PSR,1.5013552958590801,22.176483480232402,0.8072483815663183,0.9696185315580353,0.9948583479209915
J1824-248,IGR J18245-2452,PSR,0.171873991565955,21.235210163051423,0.9752462457350576,0.9964618713845647,0.9994097822926182
J1738-269,SLX 1735-269,NPNS,0.370763986421247,21.569097543007224,0.9475300839949448,0.9923862949212032,0.9987271554514461
J1748-203,SAX J1748.9-2021,PSR,0.30689393653332103,21.486988307929593,0.9563342085404577,0.9936944590995439,0.9989465872212427
J1829-237,GS 1826-24,NPNS,0.201747265864258,21.30480765775291,0.9710233595806338,0.9958488637587135,0.9993072977278492
J1739-284,XTE J1739-285,NPNS,0.6906673119919701,21.83926890213696,0.9049644483292505,0.9858758644764725,0.9976305344380528
J1547-625,4U 1543-624,NPNS,0.24205935689655098,21.383921875119846,0.9653502801103466,0.9950208551061133,0.999168761245046
J0118+637,4U 0115+634,PSR,0.834019606106692,21.921176260138775,0.8866710773639553,0.982978245943916,0.9971399986393412
J1804-343,1RXS J180408.9-342058,NPNS,0.193790646607477,21.287332811802525,0.972144253385508,0.9960118406886801,0.9993345510809427
J1835-329,XB 1832-330,NPNS,0.0929041051957198,20.968034904784357,0.9865266078032217,0.9980857933156708,0.9996809538796596
J0355+310,4U 0352+309,PSR,0.0626557419944874,20.79696087744112,0.9908860403128043,0.9987081411925856,0.9997847532752767
J1855-026,XTE J1855-026,PSR,0.677495149801842,21.83090619043672,0.9066794221950861,0.9861445262633869,0.9976759433857091
J1909+098,4U 1907+09,PSR,1.6747668123648198,22.223954346206753,0.7880779092507944,0.9661854888307475,0.9942666655581107
J1324-632,SAX J1324.5-6313,NPNS,1.21584463796958,22.084878083832105,0.8400953066712855,0.975305137817951,0.9958335767679051
J1735-304,SLX 1732-304,NPNS,0.917714167881406,21.962707436493726,0.8762136329282592,0.9812936949777241,0.9968541278149666
J1903+031,4U 1901+03,PSR,0.9546736995937031,21.979854958305282,0.8716166702964895,0.9805457295159576,0.996727012523908
J1949+302,KS 1947+300,PSR,0.876337285483889,21.942671289994507,0.8813599523382246,0.9821252066942409,0.9969952981992816
J1708-323,4U 1705-32,NPNS,0.249532748444182,21.397127550100837,0.964315014557383,0.9948692698519085,0.9991433875574007
