stratum,comparison,point,ci2_5,ci97_5,n_valid_draws,n_points,n_BH_sources,n_NS_sources,verdict
C4 low (softest >=4 keV),RF [C1D],0.39329854080042903,0.3589947941997732,0.5664673061627274,2000,31154.0,8.0,38.0,
C4 low (softest >=4 keV),RF [C2D],0.5605893390754239,0.1831168389814224,0.9941750270234909,2000,31154.0,8.0,38.0,
C4 low (softest >=4 keV),RF [C1D_NH],0.38836968838966257,0.3532250319033219,0.5708331727650957,2000,31154.0,8.0,38.0,
C4 low (softest >=4 keV),RF [C2D_NH],0.5564385819731582,0.173305350112374,0.9943434363131074,2000,31154.0,8.0,38.0,
C4 low (softest >=4 keV),RF [C2D] - RF [C1D],0.16729079827499482,-0.1849738198591744,0.5795666809422985,2000,,,,not detected
C4 low (softest >=4 keV),RF [C2D_NH] - RF [C1D_NH],0.16806889358349564,-0.19701764390923487,0.5890979392568743,2000,,,,not detected
C4 middle,RF [C1D],0.4328936761124221,0.38880362199681534,0.5210761479006624,2000,31153.0,11.0,44.0,
C4 middle,RF [C2D],0.49267072186684496,0.20614780267504162,0.7327726952198965,2000,31153.0,11.0,44.0,
C4 middle,RF [C1D_NH],0.4306162875722878,0.3863253974324537,0.5163104423222475,2000,31153.0,11.0,44.0,
C4 middle,RF [C2D_NH],0.4781718096240371,0.1962747911643867,0.7168453145268149,2000,31153.0,11.0,44.0,
C4 middle,RF [C2D] - RF [C1D],0.059777045754422886,-0.18432719199403835,0.26416633453719246,2000,,,,not detected
C4 middle,RF [C2D_NH] - RF [C1D_NH],0.04755552205174929,-0.1922768286742091,0.2443589671015832,2000,,,,not detected
C4 high (hardest),RF [C1D],0.4770994539920285,0.45580307458900376,0.49479851671508185,2000,31154.0,13.0,48.0,
C4 high (hardest),RF [C2D],0.5290670193308543,0.47895134843415504,0.5711334141921719,2000,31154.0,13.0,48.0,
C4 high (hardest),RF [C1D_NH],0.46757078913417544,0.4464428095788557,0.48376166471460985,2000,31154.0,13.0,48.0,
C4 high (hardest),RF [C2D_NH],0.5286060858279807,0.4800290273875708,0.5640527759505257,2000,31154.0,13.0,48.0,
C4 high (hardest),RF [C2D] - RF [C1D],0.051967565338825794,0.007155764790465209,0.10291909644539872,2000,,,,difference (CI excludes 0)
C4 high (hardest),RF [C2D_NH] - RF [C1D_NH],0.06103529669380531,0.016858207319214613,0.09760926160682484,2000,,,,difference (CI excludes 0)
