analysis,comparison,point,ci2_5,ci97_5,n_valid_draws,role,verdict,name,metric,frac_first_better
soft-like,H_N-RF,0.937950937950938,0.7602591036414565,1.0,2000.0,,,,,
hard-like,H_N-RF,0.6804597701149425,0.46325858552925986,0.8698217147435895,2000.0,,,,,
soft-like,H_N+T_N-RF,0.943001443001443,0.7716089399461519,1.0,2000.0,,,,,
hard-like,H_N+T_N-RF,0.864367816091954,0.7139988372093024,0.9679281587381916,2000.0,,,,,
soft-like,H_N-LR,0.8701298701298701,0.5789473684210527,1.0,2000.0,,,,,
hard-like,H_N-LR,0.503448275862069,0.2423390057242409,0.7661942303925998,2000.0,,,,,
soft-like,H_N+T_N-LR,0.8431938431938432,0.5603556216064408,0.996682614555256,2000.0,,,,,
hard-like,H_N+T_N-LR,0.6850574712643678,0.37503479853479854,0.9396614806497521,2000.0,,,,,
soft-like,H_N+T_N-RF - H_N-RF,0.005050505050504972,-0.015261460188281334,0.0351193466517041,2000.0,descriptive,not detected,,,
hard-like,H_N+T_N-RF - H_N-RF,0.1839080459770115,0.04914536068769937,0.33708276755824274,2000.0,PRIMARY,difference (CI excludes 0),,,
soft-like,H_N+T_N-LR - H_N-LR,-0.026936026936026924,-0.07478429203539824,0.0,2000.0,descriptive,not detected,,,
hard-like,H_N+T_N-LR - H_N-LR,0.1816091954022988,0.021773429863147672,0.3466430732002419,2000.0,descriptive,difference (CI excludes 0),,,
hard-like source level,H_N-RF,0.5723684210526316,0.42105263157894735,0.75,,descriptive,,H_N-RF,source_balanced_accuracy,
hard-like source level,H_N-RF,0.7171052631578947,0.506578947368421,0.8947368421052632,,descriptive,,H_N-RF,source_AUC,
hard-like source level,H_N-RF,0.6068965517241379,0.43047625300120046,0.7692581300813006,,descriptive,,H_N-RF,obs_balanced_accuracy,
hard-like source level,H_N+T_N-RF,0.6710526315789473,0.46710526315789475,0.8585526315789473,,descriptive,,H_N+T_N-RF,source_balanced_accuracy,
hard-like source level,H_N+T_N-RF,0.8421052631578947,0.6710526315789473,0.9605263157894737,,descriptive,,H_N+T_N-RF,source_AUC,
hard-like source level,H_N+T_N-RF,0.7436781609195402,0.5568168093983312,0.8974406108597285,,descriptive,,H_N+T_N-RF,obs_balanced_accuracy,
hard-like source level,H_N+T_N-RF - H_N-RF,0.09868421052631571,-0.052631578947368474,0.2861842105263157,,descriptive,not detected,H_N+T_N-RF,source_balanced_accuracy,0.862
hard-like source level,H_N+T_N-RF - H_N-RF,0.125,-0.05263157894736836,0.3026315789473685,,descriptive,not detected,H_N+T_N-RF,source_AUC,0.9085
hard-like source level,H_N+T_N-RF - H_N-RF,0.13678160919540228,0.019212962962962897,0.27497519841269824,,descriptive,improvement,H_N+T_N-RF,obs_balanced_accuracy,0.9885
