label,source_id,2,3,4,5
BH,4U1543-47,0,0,0,15
BH,GROJ1655-40,0,0,0,15
BH,GRS1915+105,0,0,0,15
BH,GX339-4,0,0,0,15
BH,V4641SGR,0,0,2,9
BH,XTEJ1118+480,0,0,0,15
BH,XTEJ1550-564,0,0,0,15
BH,XTEJ1650-500,0,0,0,15
BH,XTEJ1859+226,0,0,15,0
NS,2S0918-549,0,1,0,14
NS,4U1254-690,0,0,0,15
NS,4U1323-619,0,0,0,15
NS,4U1608-52,0,0,0,15
NS,4U1636-53,0,0,0,15
NS,4U1702-429,0,0,0,15
NS,4U1705-44,0,0,0,15
NS,4U1724-307,0,0,0,15
NS,4U1728-34,0,0,0,15
NS,4U1735-44,0,0,0,15
NS,4U1746-371,0,0,0,15
NS,4U1820-30,0,0,0,15
NS,4U1915-05,0,0,0,6
NS,4U2127+119,2,2,0,11
NS,A1744-361,0,0,0,15
NS,AQLX1,0,0,0,15
NS,CYGX2,0,0,0,15
NS,EXO0748-676,0,0,0,15
NS,EXO1745-248,0,0,0,15
NS,GRS1747-312,0,0,3,12
NS,GS1826-238,0,0,0,15
NS,GX17+2,0,0,0,15
NS,GX3+1,0,0,0,15
NS,HETEJ1900.1-245,0,0,0,15
NS,KS1731-260,0,0,0,15
NS,MXB0513-40,0,1,1,13
NS,MXB1658-298,0,0,0,15
NS,NGC6440,0,0,0,15
NS,SAXJ1747.0-2853,0,0,2,13
NS,SAXJ1750.8-2900,0,0,0,15
NS,SAXJ1808.4-3658,0,0,0,15
NS,SERX1,0,2,1,12
NS,SLX1735-269,0,0,0,15
NS,XTEJ1709-267,0,2,0,13
NS,XTEJ1710-281,0,1,0,14
NS,XTEJ1759-220,0,0,0,15
NS,XTEJ1814-338,0,0,0,15
