representation,model,fold,source_id,obs_id,true_label,BH_score,predicted_label
A_intensity,Dummy,0,4U1543-47,70133-01-01-00,BH,0.42857142857142855,NS
A_intensity,Dummy,0,4U1543-47,70132-01-01-02G,BH,0.42857142857142855,NS
A_intensity,Dummy,0,4U1543-47,70133-01-14-00,BH,0.42857142857142855,NS
A_intensity,Dummy,0,4U1543-47,70132-01-02-00,BH,0.42857142857142855,NS
A_intensity,Dummy,0,4U1543-47,70133-01-10-00,BH,0.42857142857142855,NS
A_intensity,Dummy,0,4U1543-47,70133-01-19-00,BH,0.42857142857142855,NS
A_intensity,Dummy,0,4U1543-47,70133-01-22-00,BH,0.42857142857142855,NS
A_intensity,Dummy,0,4U1543-47,70133-01-24-00,BH,0.42857142857142855,NS
A_intensity,Dummy,0,4U1543-47,70133-01-27-01,BH,0.42857142857142855,NS
A_intensity,Dummy,0,4U1543-47,70133-01-28-00,BH,0.42857142857142855,NS
A_intensity,Dummy,0,4U1543-47,70133-01-31-01,BH,0.42857142857142855,NS
A_intensity,Dummy,0,4U1543-47,70128-01-01-01,BH,0.42857142857142855,NS
A_intensity,Dummy,0,4U1543-47,70124-02-09-00,BH,0.42857142857142855,NS
A_intensity,Dummy,0,4U1543-47,70124-02-10-00,BH,0.42857142857142855,NS
A_intensity,Dummy,0,4U1543-47,70124-02-14-00,BH,0.42857142857142855,NS
A_intensity,Dummy,1,4U1608-52,60052-02-01-00,NS,0.5714285714285714,BH
A_intensity,Dummy,1,4U1608-52,60052-02-04-01,NS,0.5714285714285714,BH
A_intensity,Dummy,1,4U1608-52,60052-03-01-00,NS,0.5714285714285714,BH
A_intensity,Dummy,1,4U1608-52,70058-01-16-00,NS,0.5714285714285714,BH
A_intensity,Dummy,1,4U1608-52,70059-01-03-01,NS,0.5714285714285714,BH
A_intensity,Dummy,1,4U1608-52,70059-01-11-00,NS,0.5714285714285714,BH
A_intensity,Dummy,1,4U1608-52,70059-01-17-01,NS,0.5714285714285714,BH
A_intensity,Dummy,1,4U1608-52,70059-03-02-07,NS,0.5714285714285714,BH
A_intensity,Dummy,1,4U1608-52,70058-01-39-00,NS,0.5714285714285714,BH
A_intensity,Dummy,1,4U1608-52,70059-01-28-00,NS,0.5714285714285714,BH
A_intensity,Dummy,1,4U1608-52,80406-01-03-02,NS,0.5714285714285714,BH
A_intensity,Dummy,1,4U1608-52,80406-01-07-00,NS,0.5714285714285714,BH
A_intensity,Dummy,1,4U1608-52,90408-01-02-08,NS,0.5714285714285714,BH
A_intensity,Dummy,1,4U1608-52,91405-01-16-00,NS,0.5714285714285714,BH
A_intensity,Dummy,1,4U1608-52,91405-01-26-00,NS,0.5714285714285714,BH
A_intensity,Dummy,2,4U1636-53,50030-02-02-00,NS,0.5714285714285714,BH
A_intensity,Dummy,2,4U1636-53,60032-01-06-02,NS,0.5714285714285714,BH
A_intensity,Dummy,2,4U1636-53,60032-01-10-04,NS,0.5714285714285714,BH
A_intensity,Dummy,2,4U1636-53,60032-05-03-01,NS,0.5714285714285714,BH
A_intensity,Dummy,2,4U1636-53,60032-05-21-00,NS,0.5714285714285714,BH
A_intensity,Dummy,2,4U1636-53,91024-01-05-00,NS,0.5714285714285714,BH
A_intensity,Dummy,2,4U1636-53,91024-01-58-00,NS,0.5714285714285714,BH
A_intensity,Dummy,2,4U1636-53,91024-01-80-00,NS,0.5714285714285714,BH
A_intensity,Dummy,2,4U1636-53,91024-01-33-10,NS,0.5714285714285714,BH
A_intensity,Dummy,2,4U1636-53,91024-01-47-10,NS,0.5714285714285714,BH
A_intensity,Dummy,2,4U1636-53,92023-02-11-00,NS,0.5714285714285714,BH
A_intensity,Dummy,2,4U1636-53,92023-01-42-00,NS,0.5714285714285714,BH
A_intensity,Dummy,2,4U1636-53,92023-01-75-00,NS,0.5714285714285714,BH
A_intensity,Dummy,2,4U1636-53,92023-01-81-00,NS,0.5714285714285714,BH
A_intensity,Dummy,2,4U1636-53,92023-01-17-10,NS,0.5714285714285714,BH
A_intensity,Dummy,3,4U1728-34,50023-01-23-00,NS,0.5714285714285714,BH
A_intensity,Dummy,3,4U1728-34,50030-03-02-000,NS,0.5714285714285714,BH
A_intensity,Dummy,3,4U1728-34,50030-03-06-00,NS,0.5714285714285714,BH
A_intensity,Dummy,3,4U1728-34,50030-03-07-00G,NS,0.5714285714285714,BH
A_intensity,Dummy,3,4U1728-34,70028-01-01-02,NS,0.5714285714285714,BH
A_intensity,Dummy,3,4U1728-34,91023-01-04-01,NS,0.5714285714285714,BH
A_intensity,Dummy,3,4U1728-34,92023-03-07-00,NS,0.5714285714285714,BH
A_intensity,Dummy,3,4U1728-34,92023-03-22-00,NS,0.5714285714285714,BH
A_intensity,Dummy,3,4U1728-34,92023-03-35-00,NS,0.5714285714285714,BH
A_intensity,Dummy,3,4U1728-34,92023-03-51-00,NS,0.5714285714285714,BH
A_intensity,Dummy,3,4U1728-34,92023-03-76-00,NS,0.5714285714285714,BH
A_intensity,Dummy,3,4U1728-34,92023-03-88-00,NS,0.5714285714285714,BH
A_intensity,Dummy,3,4U1728-34,92023-03-08-10,NS,0.5714285714285714,BH
A_intensity,Dummy,3,4U1728-34,92023-03-18-10,NS,0.5714285714285714,BH
A_intensity,Dummy,3,4U1728-34,92023-03-26-10,NS,0.5714285714285714,BH
A_intensity,Dummy,4,AQLX1,50049-01-05-00,NS,0.5714285714285714,BH
A_intensity,Dummy,4,AQLX1,50049-02-06-01,NS,0.5714285714285714,BH
A_intensity,Dummy,4,AQLX1,50049-02-15-00,NS,0.5714285714285714,BH
A_intensity,Dummy,4,AQLX1,60054-02-01-04,NS,0.5714285714285714,BH
A_intensity,Dummy,4,AQLX1,60054-02-03-04,NS,0.5714285714285714,BH
A_intensity,Dummy,4,AQLX1,60429-01-02-00,NS,0.5714285714285714,BH
A_intensity,Dummy,4,AQLX1,70069-03-04-01,NS,0.5714285714285714,BH
A_intensity,Dummy,4,AQLX1,80403-01-01-00G,NS,0.5714285714285714,BH
A_intensity,Dummy,4,AQLX1,90017-01-03-01,NS,0.5714285714285714,BH
A_intensity,Dummy,4,AQLX1,90017-11-01-00,NS,0.5714285714285714,BH
A_intensity,Dummy,4,AQLX1,91028-01-01-00,NS,0.5714285714285714,BH
A_intensity,Dummy,4,AQLX1,91028-01-16-00,NS,0.5714285714285714,BH
A_intensity,Dummy,4,AQLX1,91414-01-07-03,NS,0.5714285714285714,BH
A_intensity,Dummy,4,AQLX1,91414-01-09-04,NS,0.5714285714285714,BH
A_intensity,Dummy,4,AQLX1,92034-01-02-00,NS,0.5714285714285714,BH
A_intensity,Dummy,5,GROJ1655-40,90428-01-01-07,BH,0.42857142857142855,NS
A_intensity,Dummy,5,GROJ1655-40,91702-01-02-03,BH,0.42857142857142855,NS
A_intensity,Dummy,5,GROJ1655-40,91702-01-22-00,BH,0.42857142857142855,NS
A_intensity,Dummy,5,GROJ1655-40,91702-01-22-03,BH,0.42857142857142855,NS
A_intensity,Dummy,5,GROJ1655-40,91702-01-43-00,BH,0.42857142857142855,NS
A_intensity,Dummy,5,GROJ1655-40,91702-01-51-02,BH,0.42857142857142855,NS
A_intensity,Dummy,5,GROJ1655-40,91702-01-56-03,BH,0.42857142857142855,NS
A_intensity,Dummy,5,GROJ1655-40,91702-01-66-05,BH,0.42857142857142855,NS
A_intensity,Dummy,5,GROJ1655-40,91702-01-78-00,BH,0.42857142857142855,NS
A_intensity,Dummy,5,GROJ1655-40,91702-01-01-13,BH,0.42857142857142855,NS
A_intensity,Dummy,5,GROJ1655-40,91702-01-17-11,BH,0.42857142857142855,NS
A_intensity,Dummy,5,GROJ1655-40,91702-01-39-10,BH,0.42857142857142855,NS
A_intensity,Dummy,5,GROJ1655-40,91702-01-48-10,BH,0.42857142857142855,NS
A_intensity,Dummy,5,GROJ1655-40,91702-01-81-00,BH,0.42857142857142855,NS
A_intensity,Dummy,5,GROJ1655-40,91702-01-86-04,BH,0.42857142857142855,NS
A_intensity,Dummy,6,GRS1915+105,50703-01-21-00,BH,0.42857142857142855,NS
A_intensity,Dummy,6,GRS1915+105,50703-01-34-01,BH,0.42857142857142855,NS
A_intensity,Dummy,6,GRS1915+105,50703-01-63-00,BH,0.42857142857142855,NS
A_intensity,Dummy,6,GRS1915+105,60701-01-01-01,BH,0.42857142857142855,NS
A_intensity,Dummy,6,GRS1915+105,60701-01-17-01,BH,0.42857142857142855,NS
A_intensity,Dummy,6,GRS1915+105,50125-01-04-00,BH,0.42857142857142855,NS
A_intensity,Dummy,6,GRS1915+105,70702-01-21-00,BH,0.42857142857142855,NS
A_intensity,Dummy,6,GRS1915+105,80701-01-28-01,BH,0.42857142857142855,NS
A_intensity,Dummy,6,GRS1915+105,80188-01-01-00,BH,0.42857142857142855,NS
A_intensity,Dummy,6,GRS1915+105,90701-01-14-00,BH,0.42857142857142855,NS
A_intensity,Dummy,6,GRS1915+105,90701-01-31-00,BH,0.42857142857142855,NS
A_intensity,Dummy,6,GRS1915+105,80701-01-49-00,BH,0.42857142857142855,NS
A_intensity,Dummy,6,GRS1915+105,91701-01-13-00,BH,0.42857142857142855,NS
A_intensity,Dummy,6,GRS1915+105,92092-03-01-00,BH,0.42857142857142855,NS
A_intensity,Dummy,6,GRS1915+105,92702-01-28-00,BH,0.42857142857142855,NS
A_intensity,Dummy,7,XTEJ1550-564,50135-01-02-00,BH,0.42857142857142855,NS
A_intensity,Dummy,7,XTEJ1550-564,50135-01-08-00,BH,0.42857142857142855,NS
A_intensity,Dummy,7,XTEJ1550-564,50135-01-15-00,BH,0.42857142857142855,NS
A_intensity,Dummy,7,XTEJ1550-564,50135-01-19-00,BH,0.42857142857142855,NS
A_intensity,Dummy,7,XTEJ1550-564,50135-01-23-00,BH,0.42857142857142855,NS
A_intensity,Dummy,7,XTEJ1550-564,50137-02-09-00,BH,0.42857142857142855,NS
A_intensity,Dummy,7,XTEJ1550-564,60428-01-03-00,BH,0.42857142857142855,NS
A_intensity,Dummy,7,XTEJ1550-564,60428-01-05-00,BH,0.42857142857142855,NS
A_intensity,Dummy,7,XTEJ1550-564,60428-01-09-00,BH,0.42857142857142855,NS
A_intensity,Dummy,7,XTEJ1550-564,60428-01-15-00,BH,0.42857142857142855,NS
A_intensity,Dummy,7,XTEJ1550-564,80135-01-01-01,BH,0.42857142857142855,NS
A_intensity,Dummy,7,XTEJ1550-564,80135-01-02-01,BH,0.42857142857142855,NS
A_intensity,Dummy,7,XTEJ1550-564,80135-01-03-10,BH,0.42857142857142855,NS
A_intensity,Dummy,7,XTEJ1550-564,80135-01-04-02,BH,0.42857142857142855,NS
A_intensity,Dummy,7,XTEJ1550-564,80135-01-05-10,BH,0.42857142857142855,NS
A_intensity,LogReg,0,4U1543-47,70133-01-01-00,BH,0.9877787947284735,BH
A_intensity,LogReg,0,4U1543-47,70132-01-01-02G,BH,0.9974314522737814,BH
A_intensity,LogReg,0,4U1543-47,70133-01-14-00,BH,0.9959223649178827,BH
A_intensity,LogReg,0,4U1543-47,70132-01-02-00,BH,0.9886401451816299,BH
A_intensity,LogReg,0,4U1543-47,70133-01-10-00,BH,0.9790437402252244,BH
A_intensity,LogReg,0,4U1543-47,70133-01-19-00,BH,0.9742210333035554,BH
A_intensity,LogReg,0,4U1543-47,70133-01-22-00,BH,0.9608390103047761,BH
A_intensity,LogReg,0,4U1543-47,70133-01-24-00,BH,0.9776525885941281,BH
A_intensity,LogReg,0,4U1543-47,70133-01-27-01,BH,0.9472451605627891,BH
A_intensity,LogReg,0,4U1543-47,70133-01-28-00,BH,0.8714195787675976,BH
A_intensity,LogReg,0,4U1543-47,70133-01-31-01,BH,0.7098973746171856,BH
A_intensity,LogReg,0,4U1543-47,70128-01-01-01,BH,0.5771676812654237,BH
A_intensity,LogReg,0,4U1543-47,70124-02-09-00,BH,0.2385388723182757,NS
A_intensity,LogReg,0,4U1543-47,70124-02-10-00,BH,0.2716656262448416,NS
A_intensity,LogReg,0,4U1543-47,70124-02-14-00,BH,0.6579632893582843,BH
A_intensity,LogReg,1,4U1608-52,60052-02-01-00,NS,0.11568194208034943,NS
A_intensity,LogReg,1,4U1608-52,60052-02-04-01,NS,0.09502235107364503,NS
A_intensity,LogReg,1,4U1608-52,60052-03-01-00,NS,0.577323870779624,BH
A_intensity,LogReg,1,4U1608-52,70058-01-16-00,NS,0.13606910860218815,NS
A_intensity,LogReg,1,4U1608-52,70059-01-03-01,NS,0.1400044380497206,NS
A_intensity,LogReg,1,4U1608-52,70059-01-11-00,NS,0.08241694027692727,NS
A_intensity,LogReg,1,4U1608-52,70059-01-17-01,NS,0.10758212704262707,NS
A_intensity,LogReg,1,4U1608-52,70059-03-02-07,NS,0.07638727154931944,NS
A_intensity,LogReg,1,4U1608-52,70058-01-39-00,NS,0.0427648780182718,NS
A_intensity,LogReg,1,4U1608-52,70059-01-28-00,NS,0.37792257639163873,NS
A_intensity,LogReg,1,4U1608-52,80406-01-03-02,NS,0.09461644781937824,NS
A_intensity,LogReg,1,4U1608-52,80406-01-07-00,NS,0.47551133616343894,NS
A_intensity,LogReg,1,4U1608-52,90408-01-02-08,NS,0.5137195567751612,BH
A_intensity,LogReg,1,4U1608-52,91405-01-16-00,NS,0.5277327961206756,BH
A_intensity,LogReg,1,4U1608-52,91405-01-26-00,NS,0.42893268636308773,NS
A_intensity,LogReg,2,4U1636-53,50030-02-02-00,NS,0.05634634674728556,NS
A_intensity,LogReg,2,4U1636-53,60032-01-06-02,NS,0.07644839211753629,NS
A_intensity,LogReg,2,4U1636-53,60032-01-10-04,NS,0.04893844722264108,NS
A_intensity,LogReg,2,4U1636-53,60032-05-03-01,NS,0.2764687302950425,NS
A_intensity,LogReg,2,4U1636-53,60032-05-21-00,NS,0.4060807749800588,NS
A_intensity,LogReg,2,4U1636-53,91024-01-05-00,NS,0.38296784550175816,NS
A_intensity,LogReg,2,4U1636-53,91024-01-58-00,NS,0.05965215518356015,NS
A_intensity,LogReg,2,4U1636-53,91024-01-80-00,NS,0.05176974229339635,NS
A_intensity,LogReg,2,4U1636-53,91024-01-33-10,NS,0.05163806368574965,NS
A_intensity,LogReg,2,4U1636-53,91024-01-47-10,NS,0.42891771324658334,NS
A_intensity,LogReg,2,4U1636-53,92023-02-11-00,NS,0.4767868012063815,NS
A_intensity,LogReg,2,4U1636-53,92023-01-42-00,NS,0.05056683048397969,NS
A_intensity,LogReg,2,4U1636-53,92023-01-75-00,NS,0.07490294689065338,NS
A_intensity,LogReg,2,4U1636-53,92023-01-81-00,NS,0.05886790164385129,NS
A_intensity,LogReg,2,4U1636-53,92023-01-17-10,NS,0.07948765353779677,NS
A_intensity,LogReg,3,4U1728-34,50023-01-23-00,NS,0.5428490912146413,BH
A_intensity,LogReg,3,4U1728-34,50030-03-02-000,NS,0.2935396397503613,NS
A_intensity,LogReg,3,4U1728-34,50030-03-06-00,NS,0.40486117944813815,NS
A_intensity,LogReg,3,4U1728-34,50030-03-07-00G,NS,0.4114930841369569,NS
A_intensity,LogReg,3,4U1728-34,70028-01-01-02,NS,0.4338654312830718,NS
A_intensity,LogReg,3,4U1728-34,91023-01-04-01,NS,0.0825846378565159,NS
A_intensity,LogReg,3,4U1728-34,92023-03-07-00,NS,0.09024821433132593,NS
A_intensity,LogReg,3,4U1728-34,92023-03-22-00,NS,0.08498850748530165,NS
A_intensity,LogReg,3,4U1728-34,92023-03-35-00,NS,0.5347418245716714,BH
A_intensity,LogReg,3,4U1728-34,92023-03-51-00,NS,0.07081462338868028,NS
A_intensity,LogReg,3,4U1728-34,92023-03-76-00,NS,0.1313201059254263,NS
A_intensity,LogReg,3,4U1728-34,92023-03-88-00,NS,0.46962411545371235,NS
A_intensity,LogReg,3,4U1728-34,92023-03-08-10,NS,0.0949437890695759,NS
A_intensity,LogReg,3,4U1728-34,92023-03-18-10,NS,0.08275848373633278,NS
A_intensity,LogReg,3,4U1728-34,92023-03-26-10,NS,0.39548341353070676,NS
A_intensity,LogReg,4,AQLX1,50049-01-05-00,NS,0.04462329564456236,NS
A_intensity,LogReg,4,AQLX1,50049-02-06-01,NS,0.05643849049496718,NS
A_intensity,LogReg,4,AQLX1,50049-02-15-00,NS,0.07171808309638857,NS
A_intensity,LogReg,4,AQLX1,60054-02-01-04,NS,0.5993393231973795,BH
A_intensity,LogReg,4,AQLX1,60054-02-03-04,NS,0.7994362405375547,BH
A_intensity,LogReg,4,AQLX1,60429-01-02-00,NS,0.45007106105787725,NS
A_intensity,LogReg,4,AQLX1,70069-03-04-01,NS,0.5283301109824453,BH
A_intensity,LogReg,4,AQLX1,80403-01-01-00G,NS,0.03133214028288337,NS
A_intensity,LogReg,4,AQLX1,90017-01-03-01,NS,0.6541682647377461,BH
A_intensity,LogReg,4,AQLX1,90017-11-01-00,NS,0.0719901702119509,NS
A_intensity,LogReg,4,AQLX1,91028-01-01-00,NS,0.5551351924891957,BH
A_intensity,LogReg,4,AQLX1,91028-01-16-00,NS,0.6560982195589128,BH
A_intensity,LogReg,4,AQLX1,91414-01-07-03,NS,0.5781297472828862,BH
A_intensity,LogReg,4,AQLX1,91414-01-09-04,NS,0.47665229960295225,NS
A_intensity,LogReg,4,AQLX1,92034-01-02-00,NS,0.7435421671109121,BH
A_intensity,LogReg,5,GROJ1655-40,90428-01-01-07,BH,0.4460281978079069,NS
A_intensity,LogReg,5,GROJ1655-40,91702-01-02-03,BH,0.9767646425810713,BH
A_intensity,LogReg,5,GROJ1655-40,91702-01-22-00,BH,0.48958912313430414,NS
A_intensity,LogReg,5,GROJ1655-40,91702-01-22-03,BH,0.25299702646920075,NS
A_intensity,LogReg,5,GROJ1655-40,91702-01-43-00,BH,0.258861732436458,NS
A_intensity,LogReg,5,GROJ1655-40,91702-01-51-02,BH,0.5356780459561995,BH
A_intensity,LogReg,5,GROJ1655-40,91702-01-56-03,BH,0.9715283836180739,BH
A_intensity,LogReg,5,GROJ1655-40,91702-01-66-05,BH,0.9828505731824684,BH
A_intensity,LogReg,5,GROJ1655-40,91702-01-78-00,BH,0.9893722187275664,BH
A_intensity,LogReg,5,GROJ1655-40,91702-01-01-13,BH,0.9965878765289301,BH
A_intensity,LogReg,5,GROJ1655-40,91702-01-17-11,BH,0.9915446847988948,BH
A_intensity,LogReg,5,GROJ1655-40,91702-01-39-10,BH,0.985534983462723,BH
A_intensity,LogReg,5,GROJ1655-40,91702-01-48-10,BH,0.9964655563865369,BH
A_intensity,LogReg,5,GROJ1655-40,91702-01-81-00,BH,0.6516838227041826,BH
A_intensity,LogReg,5,GROJ1655-40,91702-01-86-04,BH,0.3871427178437928,NS
A_intensity,LogReg,6,GRS1915+105,50703-01-21-00,BH,0.5727407344886978,BH
A_intensity,LogReg,6,GRS1915+105,50703-01-34-01,BH,0.6427475339286445,BH
A_intensity,LogReg,6,GRS1915+105,50703-01-63-00,BH,0.6432350370846078,BH
A_intensity,LogReg,6,GRS1915+105,60701-01-01-01,BH,0.6272865671598906,BH
A_intensity,LogReg,6,GRS1915+105,60701-01-17-01,BH,0.5012323819542592,BH
A_intensity,LogReg,6,GRS1915+105,50125-01-04-00,BH,0.7123369582612438,BH
A_intensity,LogReg,6,GRS1915+105,70702-01-21-00,BH,0.6040959850119818,BH
A_intensity,LogReg,6,GRS1915+105,80701-01-28-01,BH,0.0636920795030713,NS
A_intensity,LogReg,6,GRS1915+105,80188-01-01-00,BH,0.40004608093294114,NS
A_intensity,LogReg,6,GRS1915+105,90701-01-14-00,BH,0.6522412268207209,BH
A_intensity,LogReg,6,GRS1915+105,90701-01-31-00,BH,0.6575424755296275,BH
A_intensity,LogReg,6,GRS1915+105,80701-01-49-00,BH,0.32415154256158896,NS
A_intensity,LogReg,6,GRS1915+105,91701-01-13-00,BH,0.0194989210970328,NS
A_intensity,LogReg,6,GRS1915+105,92092-03-01-00,BH,0.1754849869702546,NS
A_intensity,LogReg,6,GRS1915+105,92702-01-28-00,BH,0.6462954533873604,BH
A_intensity,LogReg,7,XTEJ1550-564,50135-01-02-00,BH,0.6650097661787825,BH
A_intensity,LogReg,7,XTEJ1550-564,50135-01-08-00,BH,0.33001301310856335,NS
A_intensity,LogReg,7,XTEJ1550-564,50135-01-15-00,BH,0.1201419927899266,NS
A_intensity,LogReg,7,XTEJ1550-564,50135-01-19-00,BH,0.20710773621745668,NS
A_intensity,LogReg,7,XTEJ1550-564,50135-01-23-00,BH,0.29740102152949616,NS
A_intensity,LogReg,7,XTEJ1550-564,50137-02-09-00,BH,0.30917362509330587,NS
A_intensity,LogReg,7,XTEJ1550-564,60428-01-03-00,BH,0.41723409807395273,NS
A_intensity,LogReg,7,XTEJ1550-564,60428-01-05-00,BH,0.3106214413636934,NS
A_intensity,LogReg,7,XTEJ1550-564,60428-01-09-00,BH,0.17880312109899968,NS
A_intensity,LogReg,7,XTEJ1550-564,60428-01-15-00,BH,0.1344345165061272,NS
A_intensity,LogReg,7,XTEJ1550-564,80135-01-01-01,BH,0.4475171202417961,NS
A_intensity,LogReg,7,XTEJ1550-564,80135-01-02-01,BH,0.5034180443899005,BH
A_intensity,LogReg,7,XTEJ1550-564,80135-01-03-10,BH,0.5384423733543848,BH
A_intensity,LogReg,7,XTEJ1550-564,80135-01-04-02,BH,0.5329591340308765,BH
A_intensity,LogReg,7,XTEJ1550-564,80135-01-05-10,BH,0.3909243876936807,NS
A_intensity,RandomForest,0,4U1543-47,70133-01-01-00,BH,0.291240656041585,NS
A_intensity,RandomForest,0,4U1543-47,70132-01-01-02G,BH,0.5053231630083027,BH
A_intensity,RandomForest,0,4U1543-47,70133-01-14-00,BH,0.471777396391019,NS
A_intensity,RandomForest,0,4U1543-47,70132-01-02-00,BH,0.81289903625786,BH
A_intensity,RandomForest,0,4U1543-47,70133-01-10-00,BH,0.27028241954124316,NS
A_intensity,RandomForest,0,4U1543-47,70133-01-19-00,BH,0.26466219110453865,NS
A_intensity,RandomForest,0,4U1543-47,70133-01-22-00,BH,0.2028921174999823,NS
A_intensity,RandomForest,0,4U1543-47,70133-01-24-00,BH,0.22083203091448786,NS
A_intensity,RandomForest,0,4U1543-47,70133-01-27-01,BH,0.43517625747358907,NS
A_intensity,RandomForest,0,4U1543-47,70133-01-28-00,BH,0.47396647982720563,NS
A_intensity,RandomForest,0,4U1543-47,70133-01-31-01,BH,0.2971066075068499,NS
A_intensity,RandomForest,0,4U1543-47,70128-01-01-01,BH,0.3293913876389985,NS
A_intensity,RandomForest,0,4U1543-47,70124-02-09-00,BH,0.4870767191398375,NS
A_intensity,RandomForest,0,4U1543-47,70124-02-10-00,BH,0.69926780351,BH
A_intensity,RandomForest,0,4U1543-47,70124-02-14-00,BH,0.9355413444230645,BH
A_intensity,RandomForest,1,4U1608-52,60052-02-01-00,NS,0.24692482955640854,NS
A_intensity,RandomForest,1,4U1608-52,60052-02-04-01,NS,0.30142808770177193,NS
A_intensity,RandomForest,1,4U1608-52,60052-03-01-00,NS,0.1252744588744589,NS
A_intensity,RandomForest,1,4U1608-52,70058-01-16-00,NS,0.7139007868292695,BH
A_intensity,RandomForest,1,4U1608-52,70059-01-03-01,NS,0.6772261281546108,BH
A_intensity,RandomForest,1,4U1608-52,70059-01-11-00,NS,0.31092009043587987,NS
A_intensity,RandomForest,1,4U1608-52,70059-01-17-01,NS,0.331128976286871,NS
A_intensity,RandomForest,1,4U1608-52,70059-03-02-07,NS,0.042311022311022316,NS
A_intensity,RandomForest,1,4U1608-52,70058-01-39-00,NS,0.03900712620712621,NS
A_intensity,RandomForest,1,4U1608-52,70059-01-28-00,NS,0.3664579296864123,NS
A_intensity,RandomForest,1,4U1608-52,80406-01-03-02,NS,0.1414088017245912,NS
A_intensity,RandomForest,1,4U1608-52,80406-01-07-00,NS,0.33377580683506364,NS
A_intensity,RandomForest,1,4U1608-52,90408-01-02-08,NS,0.2932399426991995,NS
A_intensity,RandomForest,1,4U1608-52,91405-01-16-00,NS,0.24610532594340642,NS
A_intensity,RandomForest,1,4U1608-52,91405-01-26-00,NS,0.3289885940478508,NS
A_intensity,RandomForest,2,4U1636-53,50030-02-02-00,NS,0.07205064935064935,NS
A_intensity,RandomForest,2,4U1636-53,60032-01-06-02,NS,0.13031746488805315,NS
A_intensity,RandomForest,2,4U1636-53,60032-01-10-04,NS,0.3423471267294793,NS
A_intensity,RandomForest,2,4U1636-53,60032-05-03-01,NS,0.33433066737184386,NS
A_intensity,RandomForest,2,4U1636-53,60032-05-21-00,NS,0.056342857142857125,NS
A_intensity,RandomForest,2,4U1636-53,91024-01-05-00,NS,0.34118855850032304,NS
A_intensity,RandomForest,2,4U1636-53,91024-01-58-00,NS,0.14481654815772463,NS
A_intensity,RandomForest,2,4U1636-53,91024-01-80-00,NS,0.07821688311688313,NS
A_intensity,RandomForest,2,4U1636-53,91024-01-33-10,NS,0.07139090909090907,NS
A_intensity,RandomForest,2,4U1636-53,91024-01-47-10,NS,0.053235264735264735,NS
A_intensity,RandomForest,2,4U1636-53,92023-02-11-00,NS,0.46347931488801025,NS
A_intensity,RandomForest,2,4U1636-53,92023-01-42-00,NS,0.09678380721445738,NS
A_intensity,RandomForest,2,4U1636-53,92023-01-75-00,NS,0.12721347754412773,NS
A_intensity,RandomForest,2,4U1636-53,92023-01-81-00,NS,0.14647119981237633,NS
A_intensity,RandomForest,2,4U1636-53,92023-01-17-10,NS,0.41907712398795927,NS
A_intensity,RandomForest,3,4U1728-34,50023-01-23-00,NS,0.4667685643526759,NS
A_intensity,RandomForest,3,4U1728-34,50030-03-02-000,NS,0.005402597402597403,NS
A_intensity,RandomForest,3,4U1728-34,50030-03-06-00,NS,0.009745454545454547,NS
A_intensity,RandomForest,3,4U1728-34,50030-03-07-00G,NS,0.01425974025974026,NS
A_intensity,RandomForest,3,4U1728-34,70028-01-01-02,NS,0.1541703226212475,NS
A_intensity,RandomForest,3,4U1728-34,91023-01-04-01,NS,0.028462337662337665,NS
A_intensity,RandomForest,3,4U1728-34,92023-03-07-00,NS,0.020919480519480522,NS
A_intensity,RandomForest,3,4U1728-34,92023-03-22-00,NS,0.023600000000000003,NS
A_intensity,RandomForest,3,4U1728-34,92023-03-35-00,NS,0.643740572291709,BH
A_intensity,RandomForest,3,4U1728-34,92023-03-51-00,NS,0.030005194805194806,NS
A_intensity,RandomForest,3,4U1728-34,92023-03-76-00,NS,0.10156314022675851,NS
A_intensity,RandomForest,3,4U1728-34,92023-03-88-00,NS,0.19517531988539139,NS
A_intensity,RandomForest,3,4U1728-34,92023-03-08-10,NS,0.042181273619367576,NS
A_intensity,RandomForest,3,4U1728-34,92023-03-18-10,NS,0.02,NS
A_intensity,RandomForest,3,4U1728-34,92023-03-26-10,NS,0.6410790365450341,BH
A_intensity,RandomForest,4,AQLX1,50049-01-05-00,NS,0.2497726916014842,NS
A_intensity,RandomForest,4,AQLX1,50049-02-06-01,NS,0.25283710953649036,NS
A_intensity,RandomForest,4,AQLX1,50049-02-15-00,NS,0.14317125310190335,NS
A_intensity,RandomForest,4,AQLX1,60054-02-01-04,NS,0.05963116883116882,NS
A_intensity,RandomForest,4,AQLX1,60054-02-03-04,NS,0.9415885160591042,BH
A_intensity,RandomForest,4,AQLX1,60429-01-02-00,NS,0.7978286268494372,BH
A_intensity,RandomForest,4,AQLX1,70069-03-04-01,NS,0.8165889268342219,BH
A_intensity,RandomForest,4,AQLX1,80403-01-01-00G,NS,0.2634213253207061,NS
A_intensity,RandomForest,4,AQLX1,90017-01-03-01,NS,0.5217355583365422,BH
A_intensity,RandomForest,4,AQLX1,90017-11-01-00,NS,0.09003116883116882,NS
A_intensity,RandomForest,4,AQLX1,91028-01-01-00,NS,0.0744235816814764,NS
A_intensity,RandomForest,4,AQLX1,91028-01-16-00,NS,0.7654537309997927,BH
A_intensity,RandomForest,4,AQLX1,91414-01-07-03,NS,0.0704235816814764,NS
A_intensity,RandomForest,4,AQLX1,91414-01-09-04,NS,0.6936029006828703,BH
A_intensity,RandomForest,4,AQLX1,92034-01-02-00,NS,0.8967004960206332,BH
A_intensity,RandomForest,5,GROJ1655-40,90428-01-01-07,BH,0.6529666848411605,BH
A_intensity,RandomForest,5,GROJ1655-40,91702-01-02-03,BH,0.9712166780587833,BH
A_intensity,RandomForest,5,GROJ1655-40,91702-01-22-00,BH,0.6341574932626912,BH
A_intensity,RandomForest,5,GROJ1655-40,91702-01-22-03,BH,0.6704133654606685,BH
A_intensity,RandomForest,5,GROJ1655-40,91702-01-43-00,BH,0.5886623389201107,BH
A_intensity,RandomForest,5,GROJ1655-40,91702-01-51-02,BH,0.5520690427426038,BH
A_intensity,RandomForest,5,GROJ1655-40,91702-01-56-03,BH,0.993651948051948,BH
A_intensity,RandomForest,5,GROJ1655-40,91702-01-66-05,BH,1.0,BH
A_intensity,RandomForest,5,GROJ1655-40,91702-01-78-00,BH,0.991651948051948,BH
A_intensity,RandomForest,5,GROJ1655-40,91702-01-01-13,BH,0.5392123508338902,BH
A_intensity,RandomForest,5,GROJ1655-40,91702-01-17-11,BH,0.4225941721024077,NS
A_intensity,RandomForest,5,GROJ1655-40,91702-01-39-10,BH,0.38369462066179005,NS
A_intensity,RandomForest,5,GROJ1655-40,91702-01-48-10,BH,0.828205953966074,BH
A_intensity,RandomForest,5,GROJ1655-40,91702-01-81-00,BH,0.47458494726882156,NS
A_intensity,RandomForest,5,GROJ1655-40,91702-01-86-04,BH,0.7213238171825036,BH
A_intensity,RandomForest,6,GRS1915+105,50703-01-21-00,BH,0.9191954711954711,BH
A_intensity,RandomForest,6,GRS1915+105,50703-01-34-01,BH,0.9346707958707959,BH
A_intensity,RandomForest,6,GRS1915+105,50703-01-63-00,BH,0.9531591075591076,BH
A_intensity,RandomForest,6,GRS1915+105,60701-01-01-01,BH,0.9231383283383282,BH
A_intensity,RandomForest,6,GRS1915+105,60701-01-17-01,BH,0.09010649350649348,NS
A_intensity,RandomForest,6,GRS1915+105,50125-01-04-00,BH,0.9511591075591076,BH
A_intensity,RandomForest,6,GRS1915+105,70702-01-21-00,BH,0.9226264402264404,BH
A_intensity,RandomForest,6,GRS1915+105,80701-01-28-01,BH,0.9634500166500166,BH
A_intensity,RandomForest,6,GRS1915+105,80188-01-01-00,BH,0.9198368298368298,BH
A_intensity,RandomForest,6,GRS1915+105,90701-01-14-00,BH,0.9634500166500166,BH
A_intensity,RandomForest,6,GRS1915+105,90701-01-31-00,BH,0.9191954711954711,BH
A_intensity,RandomForest,6,GRS1915+105,80701-01-49-00,BH,0.1040231715652768,NS
A_intensity,RandomForest,6,GRS1915+105,91701-01-13-00,BH,0.7129092246426341,BH
A_intensity,RandomForest,6,GRS1915+105,92092-03-01-00,BH,0.9634500166500166,BH
A_intensity,RandomForest,6,GRS1915+105,92702-01-28-00,BH,0.9614500166500166,BH
A_intensity,RandomForest,7,XTEJ1550-564,50135-01-02-00,BH,0.38685832675423504,NS
A_intensity,RandomForest,7,XTEJ1550-564,50135-01-08-00,BH,0.12978456823312498,NS
A_intensity,RandomForest,7,XTEJ1550-564,50135-01-15-00,BH,0.9137659873748484,BH
A_intensity,RandomForest,7,XTEJ1550-564,50135-01-19-00,BH,0.9010534719233236,BH
A_intensity,RandomForest,7,XTEJ1550-564,50135-01-23-00,BH,0.8981963290661807,BH
A_intensity,RandomForest,7,XTEJ1550-564,50137-02-09-00,BH,0.3614027200100073,NS
A_intensity,RandomForest,7,XTEJ1550-564,60428-01-03-00,BH,0.32168171628255154,NS
A_intensity,RandomForest,7,XTEJ1550-564,60428-01-05-00,BH,0.1812201502981189,NS
A_intensity,RandomForest,7,XTEJ1550-564,60428-01-09-00,BH,0.8182663761995634,BH
A_intensity,RandomForest,7,XTEJ1550-564,60428-01-15-00,BH,0.9130820100518617,BH
A_intensity,RandomForest,7,XTEJ1550-564,80135-01-01-01,BH,0.4249957408544709,NS
A_intensity,RandomForest,7,XTEJ1550-564,80135-01-02-01,BH,0.4228304669978926,NS
A_intensity,RandomForest,7,XTEJ1550-564,80135-01-03-10,BH,0.4248607190987329,NS
A_intensity,RandomForest,7,XTEJ1550-564,80135-01-04-02,BH,0.4194321476701615,NS
A_intensity,RandomForest,7,XTEJ1550-564,80135-01-05-10,BH,0.3609174472182826,NS
B_shape,Dummy,0,4U1543-47,70133-01-01-00,BH,0.42857142857142855,NS
B_shape,Dummy,0,4U1543-47,70132-01-01-02G,BH,0.42857142857142855,NS
B_shape,Dummy,0,4U1543-47,70133-01-14-00,BH,0.42857142857142855,NS
B_shape,Dummy,0,4U1543-47,70132-01-02-00,BH,0.42857142857142855,NS
B_shape,Dummy,0,4U1543-47,70133-01-10-00,BH,0.42857142857142855,NS
B_shape,Dummy,0,4U1543-47,70133-01-19-00,BH,0.42857142857142855,NS
B_shape,Dummy,0,4U1543-47,70133-01-22-00,BH,0.42857142857142855,NS
B_shape,Dummy,0,4U1543-47,70133-01-24-00,BH,0.42857142857142855,NS
B_shape,Dummy,0,4U1543-47,70133-01-27-01,BH,0.42857142857142855,NS
B_shape,Dummy,0,4U1543-47,70133-01-28-00,BH,0.42857142857142855,NS
B_shape,Dummy,0,4U1543-47,70133-01-31-01,BH,0.42857142857142855,NS
B_shape,Dummy,0,4U1543-47,70128-01-01-01,BH,0.42857142857142855,NS
B_shape,Dummy,0,4U1543-47,70124-02-09-00,BH,0.42857142857142855,NS
B_shape,Dummy,0,4U1543-47,70124-02-10-00,BH,0.42857142857142855,NS
B_shape,Dummy,0,4U1543-47,70124-02-14-00,BH,0.42857142857142855,NS
B_shape,Dummy,1,4U1608-52,60052-02-01-00,NS,0.5714285714285714,BH
B_shape,Dummy,1,4U1608-52,60052-02-04-01,NS,0.5714285714285714,BH
B_shape,Dummy,1,4U1608-52,60052-03-01-00,NS,0.5714285714285714,BH
B_shape,Dummy,1,4U1608-52,70058-01-16-00,NS,0.5714285714285714,BH
B_shape,Dummy,1,4U1608-52,70059-01-03-01,NS,0.5714285714285714,BH
B_shape,Dummy,1,4U1608-52,70059-01-11-00,NS,0.5714285714285714,BH
B_shape,Dummy,1,4U1608-52,70059-01-17-01,NS,0.5714285714285714,BH
B_shape,Dummy,1,4U1608-52,70059-03-02-07,NS,0.5714285714285714,BH
B_shape,Dummy,1,4U1608-52,70058-01-39-00,NS,0.5714285714285714,BH
B_shape,Dummy,1,4U1608-52,70059-01-28-00,NS,0.5714285714285714,BH
B_shape,Dummy,1,4U1608-52,80406-01-03-02,NS,0.5714285714285714,BH
B_shape,Dummy,1,4U1608-52,80406-01-07-00,NS,0.5714285714285714,BH
B_shape,Dummy,1,4U1608-52,90408-01-02-08,NS,0.5714285714285714,BH
B_shape,Dummy,1,4U1608-52,91405-01-16-00,NS,0.5714285714285714,BH
B_shape,Dummy,1,4U1608-52,91405-01-26-00,NS,0.5714285714285714,BH
B_shape,Dummy,2,4U1636-53,50030-02-02-00,NS,0.5714285714285714,BH
B_shape,Dummy,2,4U1636-53,60032-01-06-02,NS,0.5714285714285714,BH
B_shape,Dummy,2,4U1636-53,60032-01-10-04,NS,0.5714285714285714,BH
B_shape,Dummy,2,4U1636-53,60032-05-03-01,NS,0.5714285714285714,BH
B_shape,Dummy,2,4U1636-53,60032-05-21-00,NS,0.5714285714285714,BH
B_shape,Dummy,2,4U1636-53,91024-01-05-00,NS,0.5714285714285714,BH
B_shape,Dummy,2,4U1636-53,91024-01-58-00,NS,0.5714285714285714,BH
B_shape,Dummy,2,4U1636-53,91024-01-80-00,NS,0.5714285714285714,BH
B_shape,Dummy,2,4U1636-53,91024-01-33-10,NS,0.5714285714285714,BH
B_shape,Dummy,2,4U1636-53,91024-01-47-10,NS,0.5714285714285714,BH
B_shape,Dummy,2,4U1636-53,92023-02-11-00,NS,0.5714285714285714,BH
B_shape,Dummy,2,4U1636-53,92023-01-42-00,NS,0.5714285714285714,BH
B_shape,Dummy,2,4U1636-53,92023-01-75-00,NS,0.5714285714285714,BH
B_shape,Dummy,2,4U1636-53,92023-01-81-00,NS,0.5714285714285714,BH
B_shape,Dummy,2,4U1636-53,92023-01-17-10,NS,0.5714285714285714,BH
B_shape,Dummy,3,4U1728-34,50023-01-23-00,NS,0.5714285714285714,BH
B_shape,Dummy,3,4U1728-34,50030-03-02-000,NS,0.5714285714285714,BH
B_shape,Dummy,3,4U1728-34,50030-03-06-00,NS,0.5714285714285714,BH
B_shape,Dummy,3,4U1728-34,50030-03-07-00G,NS,0.5714285714285714,BH
B_shape,Dummy,3,4U1728-34,70028-01-01-02,NS,0.5714285714285714,BH
B_shape,Dummy,3,4U1728-34,91023-01-04-01,NS,0.5714285714285714,BH
B_shape,Dummy,3,4U1728-34,92023-03-07-00,NS,0.5714285714285714,BH
B_shape,Dummy,3,4U1728-34,92023-03-22-00,NS,0.5714285714285714,BH
B_shape,Dummy,3,4U1728-34,92023-03-35-00,NS,0.5714285714285714,BH
B_shape,Dummy,3,4U1728-34,92023-03-51-00,NS,0.5714285714285714,BH
B_shape,Dummy,3,4U1728-34,92023-03-76-00,NS,0.5714285714285714,BH
B_shape,Dummy,3,4U1728-34,92023-03-88-00,NS,0.5714285714285714,BH
B_shape,Dummy,3,4U1728-34,92023-03-08-10,NS,0.5714285714285714,BH
B_shape,Dummy,3,4U1728-34,92023-03-18-10,NS,0.5714285714285714,BH
B_shape,Dummy,3,4U1728-34,92023-03-26-10,NS,0.5714285714285714,BH
B_shape,Dummy,4,AQLX1,50049-01-05-00,NS,0.5714285714285714,BH
B_shape,Dummy,4,AQLX1,50049-02-06-01,NS,0.5714285714285714,BH
B_shape,Dummy,4,AQLX1,50049-02-15-00,NS,0.5714285714285714,BH
B_shape,Dummy,4,AQLX1,60054-02-01-04,NS,0.5714285714285714,BH
B_shape,Dummy,4,AQLX1,60054-02-03-04,NS,0.5714285714285714,BH
B_shape,Dummy,4,AQLX1,60429-01-02-00,NS,0.5714285714285714,BH
B_shape,Dummy,4,AQLX1,70069-03-04-01,NS,0.5714285714285714,BH
B_shape,Dummy,4,AQLX1,80403-01-01-00G,NS,0.5714285714285714,BH
B_shape,Dummy,4,AQLX1,90017-01-03-01,NS,0.5714285714285714,BH
B_shape,Dummy,4,AQLX1,90017-11-01-00,NS,0.5714285714285714,BH
B_shape,Dummy,4,AQLX1,91028-01-01-00,NS,0.5714285714285714,BH
B_shape,Dummy,4,AQLX1,91028-01-16-00,NS,0.5714285714285714,BH
B_shape,Dummy,4,AQLX1,91414-01-07-03,NS,0.5714285714285714,BH
B_shape,Dummy,4,AQLX1,91414-01-09-04,NS,0.5714285714285714,BH
B_shape,Dummy,4,AQLX1,92034-01-02-00,NS,0.5714285714285714,BH
B_shape,Dummy,5,GROJ1655-40,90428-01-01-07,BH,0.42857142857142855,NS
B_shape,Dummy,5,GROJ1655-40,91702-01-02-03,BH,0.42857142857142855,NS
B_shape,Dummy,5,GROJ1655-40,91702-01-22-00,BH,0.42857142857142855,NS
B_shape,Dummy,5,GROJ1655-40,91702-01-22-03,BH,0.42857142857142855,NS
B_shape,Dummy,5,GROJ1655-40,91702-01-43-00,BH,0.42857142857142855,NS
B_shape,Dummy,5,GROJ1655-40,91702-01-51-02,BH,0.42857142857142855,NS
B_shape,Dummy,5,GROJ1655-40,91702-01-56-03,BH,0.42857142857142855,NS
B_shape,Dummy,5,GROJ1655-40,91702-01-66-05,BH,0.42857142857142855,NS
B_shape,Dummy,5,GROJ1655-40,91702-01-78-00,BH,0.42857142857142855,NS
B_shape,Dummy,5,GROJ1655-40,91702-01-01-13,BH,0.42857142857142855,NS
B_shape,Dummy,5,GROJ1655-40,91702-01-17-11,BH,0.42857142857142855,NS
B_shape,Dummy,5,GROJ1655-40,91702-01-39-10,BH,0.42857142857142855,NS
B_shape,Dummy,5,GROJ1655-40,91702-01-48-10,BH,0.42857142857142855,NS
B_shape,Dummy,5,GROJ1655-40,91702-01-81-00,BH,0.42857142857142855,NS
B_shape,Dummy,5,GROJ1655-40,91702-01-86-04,BH,0.42857142857142855,NS
B_shape,Dummy,6,GRS1915+105,50703-01-21-00,BH,0.42857142857142855,NS
B_shape,Dummy,6,GRS1915+105,50703-01-34-01,BH,0.42857142857142855,NS
B_shape,Dummy,6,GRS1915+105,50703-01-63-00,BH,0.42857142857142855,NS
B_shape,Dummy,6,GRS1915+105,60701-01-01-01,BH,0.42857142857142855,NS
B_shape,Dummy,6,GRS1915+105,60701-01-17-01,BH,0.42857142857142855,NS
B_shape,Dummy,6,GRS1915+105,50125-01-04-00,BH,0.42857142857142855,NS
B_shape,Dummy,6,GRS1915+105,70702-01-21-00,BH,0.42857142857142855,NS
B_shape,Dummy,6,GRS1915+105,80701-01-28-01,BH,0.42857142857142855,NS
B_shape,Dummy,6,GRS1915+105,80188-01-01-00,BH,0.42857142857142855,NS
B_shape,Dummy,6,GRS1915+105,90701-01-14-00,BH,0.42857142857142855,NS
B_shape,Dummy,6,GRS1915+105,90701-01-31-00,BH,0.42857142857142855,NS
B_shape,Dummy,6,GRS1915+105,80701-01-49-00,BH,0.42857142857142855,NS
B_shape,Dummy,6,GRS1915+105,91701-01-13-00,BH,0.42857142857142855,NS
B_shape,Dummy,6,GRS1915+105,92092-03-01-00,BH,0.42857142857142855,NS
B_shape,Dummy,6,GRS1915+105,92702-01-28-00,BH,0.42857142857142855,NS
B_shape,Dummy,7,XTEJ1550-564,50135-01-02-00,BH,0.42857142857142855,NS
B_shape,Dummy,7,XTEJ1550-564,50135-01-08-00,BH,0.42857142857142855,NS
B_shape,Dummy,7,XTEJ1550-564,50135-01-15-00,BH,0.42857142857142855,NS
B_shape,Dummy,7,XTEJ1550-564,50135-01-19-00,BH,0.42857142857142855,NS
B_shape,Dummy,7,XTEJ1550-564,50135-01-23-00,BH,0.42857142857142855,NS
B_shape,Dummy,7,XTEJ1550-564,50137-02-09-00,BH,0.42857142857142855,NS
B_shape,Dummy,7,XTEJ1550-564,60428-01-03-00,BH,0.42857142857142855,NS
B_shape,Dummy,7,XTEJ1550-564,60428-01-05-00,BH,0.42857142857142855,NS
B_shape,Dummy,7,XTEJ1550-564,60428-01-09-00,BH,0.42857142857142855,NS
B_shape,Dummy,7,XTEJ1550-564,60428-01-15-00,BH,0.42857142857142855,NS
B_shape,Dummy,7,XTEJ1550-564,80135-01-01-01,BH,0.42857142857142855,NS
B_shape,Dummy,7,XTEJ1550-564,80135-01-02-01,BH,0.42857142857142855,NS
B_shape,Dummy,7,XTEJ1550-564,80135-01-03-10,BH,0.42857142857142855,NS
B_shape,Dummy,7,XTEJ1550-564,80135-01-04-02,BH,0.42857142857142855,NS
B_shape,Dummy,7,XTEJ1550-564,80135-01-05-10,BH,0.42857142857142855,NS
B_shape,LogReg,0,4U1543-47,70133-01-01-00,BH,0.9999999748185404,BH
B_shape,LogReg,0,4U1543-47,70132-01-01-02G,BH,0.9999999950660661,BH
B_shape,LogReg,0,4U1543-47,70133-01-14-00,BH,0.9999999983491887,BH
B_shape,LogReg,0,4U1543-47,70132-01-02-00,BH,0.9999997698429853,BH
B_shape,LogReg,0,4U1543-47,70133-01-10-00,BH,0.999999029489776,BH
B_shape,LogReg,0,4U1543-47,70133-01-19-00,BH,0.9999999997203577,BH
B_shape,LogReg,0,4U1543-47,70133-01-22-00,BH,0.9999999946740694,BH
B_shape,LogReg,0,4U1543-47,70133-01-24-00,BH,0.9999999995165003,BH
B_shape,LogReg,0,4U1543-47,70133-01-27-01,BH,0.9999999772378946,BH
B_shape,LogReg,0,4U1543-47,70133-01-28-00,BH,0.9999997643067975,BH
B_shape,LogReg,0,4U1543-47,70133-01-31-01,BH,0.998294269332227,BH
B_shape,LogReg,0,4U1543-47,70128-01-01-01,BH,0.9752236147466494,BH
B_shape,LogReg,0,4U1543-47,70124-02-09-00,BH,0.839972148429557,BH
B_shape,LogReg,0,4U1543-47,70124-02-10-00,BH,0.8004318837533643,BH
B_shape,LogReg,0,4U1543-47,70124-02-14-00,BH,0.8665488853720146,BH
B_shape,LogReg,1,4U1608-52,60052-02-01-00,NS,0.1861752892261673,NS
B_shape,LogReg,1,4U1608-52,60052-02-04-01,NS,0.17529941281192984,NS
B_shape,LogReg,1,4U1608-52,60052-03-01-00,NS,0.3717733402343519,NS
B_shape,LogReg,1,4U1608-52,70058-01-16-00,NS,0.11838800484066765,NS
B_shape,LogReg,1,4U1608-52,70059-01-03-01,NS,0.0746241769933712,NS
B_shape,LogReg,1,4U1608-52,70059-01-11-00,NS,0.1413628067580454,NS
B_shape,LogReg,1,4U1608-52,70059-01-17-01,NS,0.12799222070661223,NS
B_shape,LogReg,1,4U1608-52,70059-03-02-07,NS,0.05011535146362428,NS
B_shape,LogReg,1,4U1608-52,70058-01-39-00,NS,0.024580104497567073,NS
B_shape,LogReg,1,4U1608-52,70059-01-28-00,NS,0.3652239407560816,NS
B_shape,LogReg,1,4U1608-52,80406-01-03-02,NS,0.03735705549239666,NS
B_shape,LogReg,1,4U1608-52,80406-01-07-00,NS,0.6274246469133098,BH
B_shape,LogReg,1,4U1608-52,90408-01-02-08,NS,0.6502916645381955,BH
B_shape,LogReg,1,4U1608-52,91405-01-16-00,NS,0.563285307482533,BH
B_shape,LogReg,1,4U1608-52,91405-01-26-00,NS,0.7493655925642018,BH
B_shape,LogReg,2,4U1636-53,50030-02-02-00,NS,0.045663720076226315,NS
B_shape,LogReg,2,4U1636-53,60032-01-06-02,NS,0.04053686667881699,NS
B_shape,LogReg,2,4U1636-53,60032-01-10-04,NS,0.0263568892155268,NS
B_shape,LogReg,2,4U1636-53,60032-05-03-01,NS,0.05660190205787436,NS
B_shape,LogReg,2,4U1636-53,60032-05-21-00,NS,0.1703314433867068,NS
B_shape,LogReg,2,4U1636-53,91024-01-05-00,NS,0.2755205017940483,NS
B_shape,LogReg,2,4U1636-53,91024-01-58-00,NS,0.01780120723217698,NS
B_shape,LogReg,2,4U1636-53,91024-01-80-00,NS,0.032520359695630593,NS
B_shape,LogReg,2,4U1636-53,91024-01-33-10,NS,0.034886147192513546,NS
B_shape,LogReg,2,4U1636-53,91024-01-47-10,NS,0.3333028387461932,NS
B_shape,LogReg,2,4U1636-53,92023-02-11-00,NS,0.28234442398767223,NS
B_shape,LogReg,2,4U1636-53,92023-01-42-00,NS,0.028776988523316078,NS
B_shape,LogReg,2,4U1636-53,92023-01-75-00,NS,0.018067888976670787,NS
B_shape,LogReg,2,4U1636-53,92023-01-81-00,NS,0.02090969492296411,NS
B_shape,LogReg,2,4U1636-53,92023-01-17-10,NS,0.016935328255217093,NS
B_shape,LogReg,3,4U1728-34,50023-01-23-00,NS,0.22131236623406206,NS
B_shape,LogReg,3,4U1728-34,50030-03-02-000,NS,0.10054783967533946,NS
B_shape,LogReg,3,4U1728-34,50030-03-06-00,NS,0.2438100544920826,NS
B_shape,LogReg,3,4U1728-34,50030-03-07-00G,NS,0.25491970174712325,NS
B_shape,LogReg,3,4U1728-34,70028-01-01-02,NS,0.1328703087774267,NS
B_shape,LogReg,3,4U1728-34,91023-01-04-01,NS,0.017878621980476767,NS
B_shape,LogReg,3,4U1728-34,92023-03-07-00,NS,0.017810164320292074,NS
B_shape,LogReg,3,4U1728-34,92023-03-22-00,NS,0.01471367728724631,NS
B_shape,LogReg,3,4U1728-34,92023-03-35-00,NS,0.13089178252265357,NS
B_shape,LogReg,3,4U1728-34,92023-03-51-00,NS,0.021515415850497054,NS
B_shape,LogReg,3,4U1728-34,92023-03-76-00,NS,0.016221919256143365,NS
B_shape,LogReg,3,4U1728-34,92023-03-88-00,NS,0.21425331552769866,NS
B_shape,LogReg,3,4U1728-34,92023-03-08-10,NS,0.023830940694566864,NS
B_shape,LogReg,3,4U1728-34,92023-03-18-10,NS,0.02351497827339458,NS
B_shape,LogReg,3,4U1728-34,92023-03-26-10,NS,0.06804198017105663,NS
B_shape,LogReg,4,AQLX1,50049-01-05-00,NS,0.34803720758150775,NS
B_shape,LogReg,4,AQLX1,50049-02-06-01,NS,0.13203348950540839,NS
B_shape,LogReg,4,AQLX1,50049-02-15-00,NS,0.5512716561669274,BH
B_shape,LogReg,4,AQLX1,60054-02-01-04,NS,0.6050362865310576,BH
B_shape,LogReg,4,AQLX1,60054-02-03-04,NS,0.5692655641504953,BH
B_shape,LogReg,4,AQLX1,60429-01-02-00,NS,0.4605496431576611,NS
B_shape,LogReg,4,AQLX1,70069-03-04-01,NS,0.5144722675129609,BH
B_shape,LogReg,4,AQLX1,80403-01-01-00G,NS,0.3752939467721005,NS
B_shape,LogReg,4,AQLX1,90017-01-03-01,NS,0.3642191901536206,NS
B_shape,LogReg,4,AQLX1,90017-11-01-00,NS,0.26161596160665757,NS
B_shape,LogReg,4,AQLX1,91028-01-01-00,NS,0.6640397073674231,BH
B_shape,LogReg,4,AQLX1,91028-01-16-00,NS,0.44443442014041223,NS
B_shape,LogReg,4,AQLX1,91414-01-07-03,NS,0.677165227415235,BH
B_shape,LogReg,4,AQLX1,91414-01-09-04,NS,0.7872324509371575,BH
B_shape,LogReg,4,AQLX1,92034-01-02-00,NS,0.759396195115666,BH
B_shape,LogReg,5,GROJ1655-40,90428-01-01-07,BH,0.689679233707359,BH
B_shape,LogReg,5,GROJ1655-40,91702-01-02-03,BH,0.9996058104175838,BH
B_shape,LogReg,5,GROJ1655-40,91702-01-22-00,BH,0.9999960184867952,BH
B_shape,LogReg,5,GROJ1655-40,91702-01-22-03,BH,0.9999854778528842,BH
B_shape,LogReg,5,GROJ1655-40,91702-01-43-00,BH,0.9999005778208615,BH
B_shape,LogReg,5,GROJ1655-40,91702-01-51-02,BH,0.9999666884533784,BH
B_shape,LogReg,5,GROJ1655-40,91702-01-56-03,BH,0.9984706732767137,BH
B_shape,LogReg,5,GROJ1655-40,91702-01-66-05,BH,0.9960776990756299,BH
B_shape,LogReg,5,GROJ1655-40,91702-01-78-00,BH,0.999732126650061,BH
B_shape,LogReg,5,GROJ1655-40,91702-01-01-13,BH,0.9999999796887717,BH
B_shape,LogReg,5,GROJ1655-40,91702-01-17-11,BH,0.999999138167385,BH
B_shape,LogReg,5,GROJ1655-40,91702-01-39-10,BH,0.9999918381119062,BH
B_shape,LogReg,5,GROJ1655-40,91702-01-48-10,BH,0.9999999963102775,BH
B_shape,LogReg,5,GROJ1655-40,91702-01-81-00,BH,0.5332460265586206,BH
B_shape,LogReg,5,GROJ1655-40,91702-01-86-04,BH,0.5857224285577258,BH
B_shape,LogReg,6,GRS1915+105,50703-01-21-00,BH,0.04353540815888323,NS
B_shape,LogReg,6,GRS1915+105,50703-01-34-01,BH,0.031868367973171496,NS
B_shape,LogReg,6,GRS1915+105,50703-01-63-00,BH,0.05681992573163515,NS
B_shape,LogReg,6,GRS1915+105,60701-01-01-01,BH,0.07862787637656769,NS
B_shape,LogReg,6,GRS1915+105,60701-01-17-01,BH,0.9446359586733759,BH
B_shape,LogReg,6,GRS1915+105,50125-01-04-00,BH,0.10804971118668673,NS
B_shape,LogReg,6,GRS1915+105,70702-01-21-00,BH,0.04014347503337912,NS
B_shape,LogReg,6,GRS1915+105,80701-01-28-01,BH,0.0007059577843153054,NS
B_shape,LogReg,6,GRS1915+105,80188-01-01-00,BH,0.009544516235246051,NS
B_shape,LogReg,6,GRS1915+105,90701-01-14-00,BH,0.07376808787773248,NS
B_shape,LogReg,6,GRS1915+105,90701-01-31-00,BH,0.09773928230494607,NS
B_shape,LogReg,6,GRS1915+105,80701-01-49-00,BH,0.9590627999885157,BH
B_shape,LogReg,6,GRS1915+105,91701-01-13-00,BH,0.009925842863763214,NS
B_shape,LogReg,6,GRS1915+105,92092-03-01-00,BH,0.00639197149288664,NS
B_shape,LogReg,6,GRS1915+105,92702-01-28-00,BH,0.04664633869550699,NS
B_shape,LogReg,7,XTEJ1550-564,50135-01-02-00,BH,0.3142762939316339,NS
B_shape,LogReg,7,XTEJ1550-564,50135-01-08-00,BH,0.5697564186379366,BH
B_shape,LogReg,7,XTEJ1550-564,50135-01-15-00,BH,0.2795166000579371,NS
B_shape,LogReg,7,XTEJ1550-564,50135-01-19-00,BH,0.25918614597028317,NS
B_shape,LogReg,7,XTEJ1550-564,50135-01-23-00,BH,0.8346630763932997,BH
B_shape,LogReg,7,XTEJ1550-564,50137-02-09-00,BH,0.5667178611972815,BH
B_shape,LogReg,7,XTEJ1550-564,60428-01-03-00,BH,0.5684980459830268,BH
B_shape,LogReg,7,XTEJ1550-564,60428-01-05-00,BH,0.4887560147992483,NS
B_shape,LogReg,7,XTEJ1550-564,60428-01-09-00,BH,0.6006085516957428,BH
B_shape,LogReg,7,XTEJ1550-564,60428-01-15-00,BH,0.7136256736322035,BH
B_shape,LogReg,7,XTEJ1550-564,80135-01-01-01,BH,0.6499298560817878,BH
B_shape,LogReg,7,XTEJ1550-564,80135-01-02-01,BH,0.6674758551111785,BH
B_shape,LogReg,7,XTEJ1550-564,80135-01-03-10,BH,0.6590082547818139,BH
B_shape,LogReg,7,XTEJ1550-564,80135-01-04-02,BH,0.6373604227395274,BH
B_shape,LogReg,7,XTEJ1550-564,80135-01-05-10,BH,0.5815283036569544,BH
B_shape,RandomForest,0,4U1543-47,70133-01-01-00,BH,0.9912519480519482,BH
B_shape,RandomForest,0,4U1543-47,70132-01-01-02G,BH,0.9978545454545455,BH
B_shape,RandomForest,0,4U1543-47,70133-01-14-00,BH,0.9921974025974026,BH
B_shape,RandomForest,0,4U1543-47,70132-01-02-00,BH,0.9932519480519482,BH
B_shape,RandomForest,0,4U1543-47,70133-01-10-00,BH,0.9972519480519482,BH
B_shape,RandomForest,0,4U1543-47,70133-01-19-00,BH,0.9774805194805196,BH
B_shape,RandomForest,0,4U1543-47,70133-01-22-00,BH,0.9832207792207793,BH
B_shape,RandomForest,0,4U1543-47,70133-01-24-00,BH,0.9800779220779222,BH
B_shape,RandomForest,0,4U1543-47,70133-01-27-01,BH,0.9820779220779222,BH
B_shape,RandomForest,0,4U1543-47,70133-01-28-00,BH,0.9746753246753248,BH
B_shape,RandomForest,0,4U1543-47,70133-01-31-01,BH,0.886371044316424,BH
B_shape,RandomForest,0,4U1543-47,70128-01-01-01,BH,0.7216039040607394,BH
B_shape,RandomForest,0,4U1543-47,70124-02-09-00,BH,0.655178405907818,BH
B_shape,RandomForest,0,4U1543-47,70124-02-10-00,BH,0.6691431883260097,BH
B_shape,RandomForest,0,4U1543-47,70124-02-14-00,BH,0.7368410481249358,BH
B_shape,RandomForest,1,4U1608-52,60052-02-01-00,NS,0.16952658002472248,NS
B_shape,RandomForest,1,4U1608-52,60052-02-04-01,NS,0.15884086573900816,NS
B_shape,RandomForest,1,4U1608-52,60052-03-01-00,NS,0.22367142797773734,NS
B_shape,RandomForest,1,4U1608-52,70058-01-16-00,NS,0.10599502922258341,NS
B_shape,RandomForest,1,4U1608-52,70059-01-03-01,NS,0.11414883506586299,NS
B_shape,RandomForest,1,4U1608-52,70059-01-11-00,NS,0.13980819314844092,NS
B_shape,RandomForest,1,4U1608-52,70059-01-17-01,NS,0.22347876983697415,NS
B_shape,RandomForest,1,4U1608-52,70059-03-02-07,NS,0.06948072257979379,NS
B_shape,RandomForest,1,4U1608-52,70058-01-39-00,NS,0.08872961475191929,NS
B_shape,RandomForest,1,4U1608-52,70059-01-28-00,NS,0.46266884353139515,NS
B_shape,RandomForest,1,4U1608-52,80406-01-03-02,NS,0.087122192932477,NS
B_shape,RandomForest,1,4U1608-52,80406-01-07-00,NS,0.338267414942269,NS
B_shape,RandomForest,1,4U1608-52,90408-01-02-08,NS,0.4164820174501838,NS
B_shape,RandomForest,1,4U1608-52,91405-01-16-00,NS,0.268741535558495,NS
B_shape,RandomForest,1,4U1608-52,91405-01-26-00,NS,0.5761562147450071,BH
B_shape,RandomForest,2,4U1636-53,50030-02-02-00,NS,0.0984543900543901,NS
B_shape,RandomForest,2,4U1636-53,60032-01-06-02,NS,0.31473987746000104,NS
B_shape,RandomForest,2,4U1636-53,60032-01-10-04,NS,0.21971005661005671,NS
B_shape,RandomForest,2,4U1636-53,60032-05-03-01,NS,0.3545987676925756,NS
B_shape,RandomForest,2,4U1636-53,60032-05-21-00,NS,0.02633264048286259,NS
B_shape,RandomForest,2,4U1636-53,91024-01-05-00,NS,0.06581371369241876,NS
B_shape,RandomForest,2,4U1636-53,91024-01-58-00,NS,0.26716141392147597,NS
B_shape,RandomForest,2,4U1636-53,91024-01-80-00,NS,0.3242000173201408,NS
B_shape,RandomForest,2,4U1636-53,91024-01-33-10,NS,0.2892919113909825,NS
B_shape,RandomForest,2,4U1636-53,91024-01-47-10,NS,0.06994915026493975,NS
B_shape,RandomForest,2,4U1636-53,92023-02-11-00,NS,0.13875296676026133,NS
B_shape,RandomForest,2,4U1636-53,92023-01-42-00,NS,0.266365616736205,NS
B_shape,RandomForest,2,4U1636-53,92023-01-75-00,NS,0.275881527141589,NS
B_shape,RandomForest,2,4U1636-53,92023-01-81-00,NS,0.25791439252182297,NS
B_shape,RandomForest,2,4U1636-53,92023-01-17-10,NS,0.2271136353842237,NS
B_shape,RandomForest,3,4U1728-34,50023-01-23-00,NS,0.1037892263816039,NS
B_shape,RandomForest,3,4U1728-34,50030-03-02-000,NS,0.5215815084220302,BH
B_shape,RandomForest,3,4U1728-34,50030-03-06-00,NS,0.4321708448938103,NS
B_shape,RandomForest,3,4U1728-34,50030-03-07-00G,NS,0.7153412967541275,BH
B_shape,RandomForest,3,4U1728-34,70028-01-01-02,NS,0.5524812663614032,BH
B_shape,RandomForest,3,4U1728-34,91023-01-04-01,NS,0.31580638439229336,NS
B_shape,RandomForest,3,4U1728-34,92023-03-07-00,NS,0.3170704536563626,NS
B_shape,RandomForest,3,4U1728-34,92023-03-22-00,NS,0.3292938302797392,NS
B_shape,RandomForest,3,4U1728-34,92023-03-35-00,NS,0.10413078482316238,NS
B_shape,RandomForest,3,4U1728-34,92023-03-51-00,NS,0.2931724412456568,NS
B_shape,RandomForest,3,4U1728-34,92023-03-76-00,NS,0.37933031865070316,NS
B_shape,RandomForest,3,4U1728-34,92023-03-88-00,NS,0.39532369812087625,NS
B_shape,RandomForest,3,4U1728-34,92023-03-08-10,NS,0.3220418822277912,NS
B_shape,RandomForest,3,4U1728-34,92023-03-18-10,NS,0.2952026933464971,NS
B_shape,RandomForest,3,4U1728-34,92023-03-26-10,NS,0.5753158245792431,BH
B_shape,RandomForest,4,AQLX1,50049-01-05-00,NS,0.7250811169222934,BH
B_shape,RandomForest,4,AQLX1,50049-02-06-01,NS,0.15351866368925196,NS
B_shape,RandomForest,4,AQLX1,50049-02-15-00,NS,0.8868854792266558,BH
B_shape,RandomForest,4,AQLX1,60054-02-01-04,NS,0.3892403791165532,NS
B_shape,RandomForest,4,AQLX1,60054-02-03-04,NS,0.8176847799259565,BH
B_shape,RandomForest,4,AQLX1,60429-01-02-00,NS,0.8047129517541284,BH
B_shape,RandomForest,4,AQLX1,70069-03-04-01,NS,0.5579065700530896,BH
B_shape,RandomForest,4,AQLX1,80403-01-01-00G,NS,0.7918118528530295,BH
B_shape,RandomForest,4,AQLX1,90017-01-03-01,NS,0.2708810222800934,NS
B_shape,RandomForest,4,AQLX1,90017-11-01-00,NS,0.4546510812716687,NS
B_shape,RandomForest,4,AQLX1,91028-01-01-00,NS,0.5184094237032313,BH
B_shape,RandomForest,4,AQLX1,91028-01-16-00,NS,0.23676882735427623,NS
B_shape,RandomForest,4,AQLX1,91414-01-07-03,NS,0.4985194100017622,NS
B_shape,RandomForest,4,AQLX1,91414-01-09-04,NS,0.6459241283999795,BH
B_shape,RandomForest,4,AQLX1,92034-01-02-00,NS,0.8359942829339788,BH
B_shape,RandomForest,5,GROJ1655-40,90428-01-01-07,BH,0.9703088911088912,BH
B_shape,RandomForest,5,GROJ1655-40,91702-01-02-03,BH,0.9917038604416181,BH
B_shape,RandomForest,5,GROJ1655-40,91702-01-22-00,BH,0.9629529956201647,BH
B_shape,RandomForest,5,GROJ1655-40,91702-01-22-03,BH,0.9574540945212635,BH
B_shape,RandomForest,5,GROJ1655-40,91702-01-43-00,BH,0.9613529956201647,BH
B_shape,RandomForest,5,GROJ1655-40,91702-01-51-02,BH,0.9642672813344505,BH
B_shape,RandomForest,5,GROJ1655-40,91702-01-56-03,BH,0.9669911446833778,BH
B_shape,RandomForest,5,GROJ1655-40,91702-01-66-05,BH,0.95423869713093,BH
B_shape,RandomForest,5,GROJ1655-40,91702-01-78-00,BH,0.9859573122529645,BH
B_shape,RandomForest,5,GROJ1655-40,91702-01-01-13,BH,0.9778406769700888,BH
B_shape,RandomForest,5,GROJ1655-40,91702-01-17-11,BH,0.9902233766233766,BH
B_shape,RandomForest,5,GROJ1655-40,91702-01-39-10,BH,0.9977402597402597,BH
B_shape,RandomForest,5,GROJ1655-40,91702-01-48-10,BH,0.9890805194805194,BH
B_shape,RandomForest,5,GROJ1655-40,91702-01-81-00,BH,0.5228341233929475,BH
B_shape,RandomForest,5,GROJ1655-40,91702-01-86-04,BH,0.9537357589778643,BH
B_shape,RandomForest,6,GRS1915+105,50703-01-21-00,BH,0.010704761904761904,NS
B_shape,RandomForest,6,GRS1915+105,50703-01-34-01,BH,0.03525338191220544,NS
B_shape,RandomForest,6,GRS1915+105,50703-01-63-00,BH,0.07985664531546884,NS
B_shape,RandomForest,6,GRS1915+105,60701-01-01-01,BH,0.049525031290548555,NS
B_shape,RandomForest,6,GRS1915+105,60701-01-17-01,BH,0.9691164835164835,BH
B_shape,RandomForest,6,GRS1915+105,50125-01-04-00,BH,0.18793768367855052,NS
B_shape,RandomForest,6,GRS1915+105,70702-01-21-00,BH,0.009276190476190476,NS
B_shape,RandomForest,6,GRS1915+105,80701-01-28-01,BH,0.0011428571428571427,NS
B_shape,RandomForest,6,GRS1915+105,80188-01-01-00,BH,0.006133333333333333,NS
B_shape,RandomForest,6,GRS1915+105,90701-01-14-00,BH,0.24024046325191836,NS
B_shape,RandomForest,6,GRS1915+105,90701-01-31-00,BH,0.08665664531546884,NS
B_shape,RandomForest,6,GRS1915+105,80701-01-49-00,BH,0.9716307692307693,BH
B_shape,RandomForest,6,GRS1915+105,91701-01-13-00,BH,0.11948280091425598,NS
B_shape,RandomForest,6,GRS1915+105,92092-03-01-00,BH,0.018733958425475452,NS
B_shape,RandomForest,6,GRS1915+105,92702-01-28-00,BH,0.07725404791287144,NS
B_shape,RandomForest,7,XTEJ1550-564,50135-01-02-00,BH,0.017968831168831165,NS
B_shape,RandomForest,7,XTEJ1550-564,50135-01-08-00,BH,0.8700918919147883,BH
B_shape,RandomForest,7,XTEJ1550-564,50135-01-15-00,BH,0.44279267399267436,NS
B_shape,RandomForest,7,XTEJ1550-564,50135-01-19-00,BH,0.3086516274231447,NS
B_shape,RandomForest,7,XTEJ1550-564,50135-01-23-00,BH,0.29951828367710726,NS
B_shape,RandomForest,7,XTEJ1550-564,50137-02-09-00,BH,0.9357853984082948,BH
B_shape,RandomForest,7,XTEJ1550-564,60428-01-03-00,BH,0.9114204533340754,BH
B_shape,RandomForest,7,XTEJ1550-564,60428-01-05-00,BH,0.9124749987886208,BH
B_shape,RandomForest,7,XTEJ1550-564,60428-01-09-00,BH,0.8799204633433595,BH
B_shape,RandomForest,7,XTEJ1550-564,60428-01-15-00,BH,0.5346618472342937,BH
B_shape,RandomForest,7,XTEJ1550-564,80135-01-01-01,BH,0.9326425412654377,BH
B_shape,RandomForest,7,XTEJ1550-564,80135-01-02-01,BH,0.9306425412654377,BH
B_shape,RandomForest,7,XTEJ1550-564,80135-01-03-10,BH,0.9306425412654377,BH
B_shape,RandomForest,7,XTEJ1550-564,80135-01-04-02,BH,0.9326425412654377,BH
B_shape,RandomForest,7,XTEJ1550-564,80135-01-05-10,BH,0.9366425412654378,BH
