name,ra,dec,resolver_url
M33 X-7,23.39220833,30.53647222,https://cds.unistra.fr/cgi-bin/nph-sesame/-oI/SNV?M33%20X-7
Cyg X-1,299.59031556,35.20160681,https://cds.unistra.fr/cgi-bin/nph-sesame/-oI/SNV?Cyg%20X-1
LMC X-1,84.91178513,-69.74320321,https://cds.unistra.fr/cgi-bin/nph-sesame/-oI/SNV?LMC%20X-1
SS 433,287.95651987,4.98272976,https://cds.unistra.fr/cgi-bin/nph-sesame/-oI/SNV?SS%20433
LMC X-3,84.73596817,-64.08425498,https://cds.unistra.fr/cgi-bin/nph-sesame/-oI/SNV?LMC%20X-3
SAX J1819.3-2525,274.84014302,-25.40718044,https://cds.unistra.fr/cgi-bin/nph-sesame/-oI/SNV?SAX%20J1819.3-2525
4U 1543-475,236.78448695,-47.6695235,https://cds.unistra.fr/cgi-bin/nph-sesame/-oI/SNV?4U%201543-475
GRO J1655-40,253.50059332,-39.84576714,https://cds.unistra.fr/cgi-bin/nph-sesame/-oI/SNV?GRO%20J1655-40
GRO J0422+32,65.42801145,32.9074831,https://cds.unistra.fr/cgi-bin/nph-sesame/-oI/SNV?GRO%20J0422%2B32
GRS 1124-684,171.61081732,-68.67579938,https://cds.unistra.fr/cgi-bin/nph-sesame/-oI/SNV?GRS%201124-684
GX 339-4,255.70578183,-48.78974665,https://cds.unistra.fr/cgi-bin/nph-sesame/-oI/SNV?GX%20339-4
GS 1354-64,209.54051139,-64.73479385,https://cds.unistra.fr/cgi-bin/nph-sesame/-oI/SNV?GS%201354-64
Swift J1727.8-1613,261.93047312,-16.20529505,https://cds.unistra.fr/cgi-bin/nph-sesame/-oI/SNV?Swift%20J1727.8-1613
XTE J1650-500,252.50408333,-49.96211111,https://cds.unistra.fr/cgi-bin/nph-sesame/-oI/SNV?XTE%20J1650-500
GS 2023+338,306.01593627,33.86721143,https://cds.unistra.fr/cgi-bin/nph-sesame/-oI/SNV?GS%202023%2B338
MAXI J1820+070,275.09142659,7.18535691,https://cds.unistra.fr/cgi-bin/nph-sesame/-oI/SNV?MAXI%20J1820%2B070
XTE J1859+226,284.6728803,22.65827074,https://cds.unistra.fr/cgi-bin/nph-sesame/-oI/SNV?XTE%20J1859%2B226
GRS 1915+105,288.798149,10.945807,https://cds.unistra.fr/cgi-bin/nph-sesame/-oI/SNV?GRS%201915%2B105
A 0620-00,,,https://cds.unistra.fr/cgi-bin/nph-sesame/-oI/SNV?A%200620-00
MAXI J1305-704,196.73041667,-70.45141944,https://cds.unistra.fr/cgi-bin/nph-sesame/-oI/SNV?MAXI%20J1305-704
H 1705-250,257.06045238,-25.09171102,https://cds.unistra.fr/cgi-bin/nph-sesame/-oI/SNV?H%201705-250
XTE J1550-564,237.74443247,-56.47646066,https://cds.unistra.fr/cgi-bin/nph-sesame/-oI/SNV?XTE%20J1550-564
GS 2000+25,300.70634184,25.23628657,https://cds.unistra.fr/cgi-bin/nph-sesame/-oI/SNV?GS%202000%2B25
GRS 1009-45,153.40142971,-45.07531359,https://cds.unistra.fr/cgi-bin/nph-sesame/-oI/SNV?GRS%201009-45
XTE J1118+480,169.54497101,48.03675409,https://cds.unistra.fr/cgi-bin/nph-sesame/-oI/SNV?XTE%20J1118%2B480
SAX J1808.4-3658,272.11491667,-36.97886111,https://cds.unistra.fr/cgi-bin/nph-sesame/-oI/SNV?SAX%20J1808.4-3658
XTE J1751-305,267.80620833,-30.62316667,https://cds.unistra.fr/cgi-bin/nph-sesame/-oI/SNV?XTE%20J1751-305
XTE J0929-314,142.334125,-31.38422222,https://cds.unistra.fr/cgi-bin/nph-sesame/-oI/SNV?XTE%20J0929-314
XTE J1807-294,271.74916667,-29.40833333,https://cds.unistra.fr/cgi-bin/nph-sesame/-oI/SNV?XTE%20J1807-294
XTE J1814-338,273.412625,-33.77286111,https://cds.unistra.fr/cgi-bin/nph-sesame/-oI/SNV?XTE%20J1814-338
IGR J00291+5934,7.26275,59.57194444,https://cds.unistra.fr/cgi-bin/nph-sesame/-oI/SNV?IGR%20J00291%2B5934
HETE J1900.1-2455,285.03604167,-24.92047222,https://cds.unistra.fr/cgi-bin/nph-sesame/-oI/SNV?HETE%20J1900.1-2455
Swift J1756.9-2508,269.23895833,-25.10772222,https://cds.unistra.fr/cgi-bin/nph-sesame/-oI/SNV?Swift%20J1756.9-2508
Aql X-1,287.81690471,0.5849634,https://cds.unistra.fr/cgi-bin/nph-sesame/-oI/SNV?Aql%20X-1
SAX J1748.9-2021,267.21734583,-20.359,https://cds.unistra.fr/cgi-bin/nph-sesame/-oI/SNV?SAX%20J1748.9-2021
IGR J17511-3057,267.785625,-30.96158333,https://cds.unistra.fr/cgi-bin/nph-sesame/-oI/SNV?IGR%20J17511-3057
Swift J1749.4-2807,267.38308333,-28.13494444,https://cds.unistra.fr/cgi-bin/nph-sesame/-oI/SNV?Swift%20J1749.4-2807
IGR J17498-2921,267.480625,-29.32211111,https://cds.unistra.fr/cgi-bin/nph-sesame/-oI/SNV?IGR%20J17498-2921
IGR J18245-2452,276.13541667,-24.86883333,https://cds.unistra.fr/cgi-bin/nph-sesame/-oI/SNV?IGR%20J18245-2452
IGR J17480-2466,,,https://cds.unistra.fr/cgi-bin/nph-sesame/-oI/SNV?IGR%20J17480-2466
2A 1822-371,276.44507711,-37.10514704,https://cds.unistra.fr/cgi-bin/nph-sesame/-oI/SNV?2A%201822-371
4U 1626-67,248.06996,-67.46091,https://cds.unistra.fr/cgi-bin/nph-sesame/-oI/SNV?4U%201626-67
GRO J1744-28,266.137875,-28.74083333,https://cds.unistra.fr/cgi-bin/nph-sesame/-oI/SNV?GRO%20J1744-28
Her X-1,254.45754589,35.34235738,https://cds.unistra.fr/cgi-bin/nph-sesame/-oI/SNV?Her%20X-1
GX 1+4,263.00897185,-24.74559144,https://cds.unistra.fr/cgi-bin/nph-sesame/-oI/SNV?GX%201%2B4
4U 1954+31,298.92640964,32.0969573,https://cds.unistra.fr/cgi-bin/nph-sesame/-oI/SNV?4U%201954%2B31
IGR J16358-4724,,,https://cds.unistra.fr/cgi-bin/nph-sesame/-oI/SNV?IGR%20J16358-4724
V616 Mon,95.68559327,-0.34563624,https://cds.unistra.fr/cgi-bin/nph-sesame/-oI/SNV?V616%20Mon
IGR J17480-2446,267.02012917,-24.78024167,https://cds.unistra.fr/cgi-bin/nph-sesame/-oI/SNV?IGR%20J17480-2446
IGR J16358-4726,249.125,-47.625,https://cds.unistra.fr/cgi-bin/nph-sesame/-oI/SNV?IGR%20J16358-4726
