analysis,model,group,metric,point,ci2_5,ci97_5,n_valid_draws,n_obs,n_BH_obs,n_BH_sources,n_NS_sources,role,testable
v2 OOF,H-LR,hard-like,obs_AUC,0.6456086286594761,0.4446060128954866,0.8413840791948591,2000,180.0,59.0,7.0,17.0,,
v2 OOF,H-LR,hard-like,obs_balanced_accuracy,0.6323714805995237,0.44149477973007384,0.8052335321011234,2000,180.0,59.0,7.0,17.0,,
v2 OOF,H-LR,intermediate,obs_AUC,0.45,0.14166666666666666,0.8333333333333334,1316,21.0,1.0,1.0,11.0,,
v2 OOF,H-LR,intermediate,obs_balanced_accuracy,0.275,0.125,0.46458333333333335,1316,21.0,1.0,1.0,11.0,,
v2 OOF,H-LR,soft-like,obs_AUC,0.954414725337935,0.8006476891092276,1.0,2000,221.0,38.0,5.0,22.0,,
v2 OOF,H-LR,soft-like,obs_balanced_accuracy,0.9523295944779983,0.81775456251066,0.9977066838423192,2000,221.0,38.0,5.0,22.0,,
v2 OOF,H-LR,unknown,obs_AUC,0.671957671957672,0.4459386016451234,0.8888888888888888,1800,34.0,7.0,2.0,12.0,,
v2 OOF,H-LR,unknown,obs_balanced_accuracy,0.6349206349206349,0.4464285714285714,0.86,1800,34.0,7.0,2.0,12.0,,
v2 OOF,H-LR,soft-like - hard-like,obs_AUC,0.30880609667845893,0.09889434877450667,0.5101901607636544,2000,,,,,PRIMARY,True
v2 OOF,H-LR,soft-like - hard-like,obs_balanced_accuracy,0.3199581138784745,0.1355161069839356,0.5117080270647875,2000,,,,,descriptive,True
v2 OOF | overlap box (2e),H-LR,inside overlap box,obs_AUC,0.6365348399246704,0.44472921681460303,0.8231334375488345,2000,234.0,57.0,7.0,19.0,,
v2 OOF | overlap box (2e),H-LR,inside overlap box,obs_balanced_accuracy,0.6327683615819208,0.44423640381678564,0.8017896961532516,2000,234.0,57.0,7.0,19.0,,
v2 OOF | overlap box (2e),H-LR,outside overlap box,obs_AUC,0.9539032567049809,0.8508220624322319,1.0,2000,222.0,48.0,5.0,19.0,,
v2 OOF | overlap box (2e),H-LR,outside overlap box,obs_balanced_accuracy,0.9288793103448276,0.7963621056362992,1.0,2000,222.0,48.0,5.0,19.0,,
v2 OOF,H-RF,hard-like,obs_AUC,0.6928141196245973,0.5158090210616806,0.8405182045475739,2000,180.0,59.0,7.0,17.0,,
v2 OOF,H-RF,hard-like,obs_balanced_accuracy,0.6376943549516739,0.49343916530026644,0.7814071038597056,2000,180.0,59.0,7.0,17.0,,
v2 OOF,H-RF,intermediate,obs_AUC,0.35,0.1875,0.5628396739130435,1316,21.0,1.0,1.0,11.0,,
v2 OOF,H-RF,intermediate,obs_balanced_accuracy,0.45,0.3695652173913043,0.5,1316,21.0,1.0,1.0,11.0,,
v2 OOF,H-RF,soft-like,obs_AUC,0.94722461892436,0.791191312799043,1.0,2000,221.0,38.0,5.0,22.0,,
v2 OOF,H-RF,soft-like,obs_balanced_accuracy,0.9332039114178889,0.796221193163027,0.9944444444444445,2000,221.0,38.0,5.0,22.0,,
v2 OOF,H-RF,unknown,obs_AUC,0.6957671957671958,0.4242449162679426,0.9866666666666667,1800,34.0,7.0,2.0,12.0,,
v2 OOF,H-RF,unknown,obs_balanced_accuracy,0.6587301587301587,0.4090909090909091,0.98,1800,34.0,7.0,2.0,12.0,,
v2 OOF,H-RF,soft-like - hard-like,obs_AUC,0.2544104992997628,0.11271714236201749,0.39253606106148137,2000,,,,,descriptive,True
v2 OOF,H-RF,soft-like - hard-like,obs_balanced_accuracy,0.295509556466215,0.14429763206506724,0.4295357762169123,2000,,,,,descriptive,True
v2 OOF | overlap box (2e),H-RF,inside overlap box,obs_AUC,0.6970958469620379,0.532082267669079,0.8329751155107358,2000,234.0,57.0,7.0,19.0,,
v2 OOF | overlap box (2e),H-RF,inside overlap box,obs_balanced_accuracy,0.6515016354445435,0.5082262633790822,0.7913024284685414,2000,234.0,57.0,7.0,19.0,,
v2 OOF | overlap box (2e),H-RF,outside overlap box,obs_AUC,0.9241499042145593,0.7756591960896206,1.0,2000,222.0,48.0,5.0,19.0,,
v2 OOF | overlap box (2e),H-RF,outside overlap box,obs_balanced_accuracy,0.8746408045977012,0.6749961890243903,0.9943510759855265,2000,222.0,48.0,5.0,19.0,,
v2 OOF,B-LR,hard-like,obs_AUC,0.6533127889060092,0.3548674052269685,0.9069401066029543,2000,180.0,59.0,7.0,17.0,,
v2 OOF,B-LR,hard-like,obs_balanced_accuracy,0.6395853761030956,0.43631046116159794,0.8244002936269056,2000,180.0,59.0,7.0,17.0,,
v2 OOF,B-LR,intermediate,obs_AUC,0.35,0.08650362318840579,0.6666666666666666,1316,21.0,1.0,1.0,11.0,,
v2 OOF,B-LR,intermediate,obs_balanced_accuracy,0.35,0.1956521739130435,0.5,1316,21.0,1.0,1.0,11.0,,
v2 OOF,B-LR,soft-like,obs_AUC,0.9463618061547311,0.7573123456496961,1.0,2000,221.0,38.0,5.0,22.0,,
v2 OOF,B-LR,soft-like,obs_balanced_accuracy,0.9304716709807306,0.7949737429966802,0.9909723677317968,2000,221.0,38.0,5.0,22.0,,
v2 OOF,B-LR,unknown,obs_AUC,0.656084656084656,0.2916666666666667,1.0,1800,34.0,7.0,2.0,12.0,,
v2 OOF,B-LR,unknown,obs_balanced_accuracy,0.6031746031746031,0.3333333333333333,0.9404936974789915,1800,34.0,7.0,2.0,12.0,,
v2 OOF,B-LR,soft-like - hard-like,obs_AUC,0.2930490172487219,0.07898493021751564,0.5300042293963004,2000,,,,,descriptive,True
v2 OOF,B-LR,soft-like - hard-like,obs_balanced_accuracy,0.29088629487763495,0.11478679403184873,0.4713025228102024,2000,,,,,descriptive,True
v2 OOF | overlap box (2e),B-LR,inside overlap box,obs_AUC,0.6790563980572901,0.4006610907986676,0.9013809550618762,2000,234.0,57.0,7.0,19.0,,
v2 OOF | overlap box (2e),B-LR,inside overlap box,obs_balanced_accuracy,0.6541778174249182,0.4550814367543222,0.827611825322234,2000,234.0,57.0,7.0,19.0,,
v2 OOF | overlap box (2e),B-LR,outside overlap box,obs_AUC,0.9341475095785441,0.7859470318953078,1.0,2000,222.0,48.0,5.0,19.0,,
v2 OOF | overlap box (2e),B-LR,outside overlap box,obs_balanced_accuracy,0.8775143678160919,0.6772591826364692,0.9968769054878048,2000,222.0,48.0,5.0,19.0,,
v2 OOF,B-RF,hard-like,obs_AUC,0.6325815940607928,0.38143140096618355,0.8706405263341392,2000,180.0,59.0,7.0,17.0,,
v2 OOF,B-RF,hard-like,obs_balanced_accuracy,0.6496708222440117,0.5201363319952347,0.7777793723689245,2000,180.0,59.0,7.0,17.0,,
v2 OOF,B-RF,intermediate,obs_AUC,0.6,0.2857142857142857,1.0,1316,21.0,1.0,1.0,11.0,,
v2 OOF,B-RF,intermediate,obs_balanced_accuracy,0.475,0.43478260869565216,0.5,1316,21.0,1.0,1.0,11.0,,
v2 OOF,B-RF,soft-like,obs_AUC,0.9462180040264596,0.7763156411990083,1.0,2000,221.0,38.0,5.0,22.0,,
v2 OOF,B-RF,soft-like,obs_balanced_accuracy,0.9441328731665228,0.80919783294443,1.0,2000,221.0,38.0,5.0,22.0,,
v2 OOF,B-RF,unknown,obs_AUC,0.6190476190476191,0.27884615384615385,0.9714484126984125,1800,34.0,7.0,2.0,12.0,,
v2 OOF,B-RF,unknown,obs_balanced_accuracy,0.6243386243386243,0.4523809523809524,0.8333333333333333,1800,34.0,7.0,2.0,12.0,,
v2 OOF,B-RF,soft-like - hard-like,obs_AUC,0.3136364099656668,0.09127089406877122,0.5453984021491921,2000,,,,,descriptive,True
v2 OOF,B-RF,soft-like - hard-like,obs_balanced_accuracy,0.2944620509225111,0.15776042630490933,0.4135688100312637,2000,,,,,descriptive,True
v2 OOF | overlap box (2e),B-RF,inside overlap box,obs_AUC,0.6371295470314203,0.3789441319668774,0.8685188039310824,2000,234.0,57.0,7.0,19.0,,
v2 OOF | overlap box (2e),B-RF,inside overlap box,obs_balanced_accuracy,0.6534344335414808,0.5318372746618005,0.7664395180203737,2000,234.0,57.0,7.0,19.0,,
v2 OOF | overlap box (2e),B-RF,outside overlap box,obs_AUC,0.9354645593869731,0.798242827205182,1.0,2000,222.0,48.0,5.0,19.0,,
v2 OOF | overlap box (2e),B-RF,outside overlap box,obs_balanced_accuracy,0.8861350574712643,0.6861005007519826,1.0,2000,222.0,48.0,5.0,19.0,,
MINBAR-excluded OOF (v7b1),H-LR,hard-like,obs_AUC,0.5675109502951818,0.3553610342555995,0.7972294069391497,2000,148.0,59.0,7.0,17.0,,
MINBAR-excluded OOF (v7b1),H-LR,hard-like,obs_balanced_accuracy,0.5608455532279566,0.3611572009093705,0.7439817223439209,2000,148.0,59.0,7.0,17.0,,
MINBAR-excluded OOF (v7b1),H-LR,intermediate,obs_AUC,0.5,0.16666666666666666,0.9230769230769231,1316,19.0,1.0,1.0,10.0,,
MINBAR-excluded OOF (v7b1),H-LR,intermediate,obs_balanced_accuracy,0.2777777777777778,0.10526315789473684,0.5,1316,19.0,1.0,1.0,10.0,,
MINBAR-excluded OOF (v7b1),H-LR,soft-like,obs_AUC,0.9564144736842105,0.8106345157709407,1.0,2000,198.0,38.0,5.0,21.0,,
MINBAR-excluded OOF (v7b1),H-LR,soft-like,obs_balanced_accuracy,0.9511513157894737,0.8164722277578496,0.9974239820889306,2000,198.0,38.0,5.0,21.0,,
MINBAR-excluded OOF (v7b1),H-LR,unknown,obs_AUC,0.6593406593406593,0.4134510869565217,0.8981582125603864,1800,33.0,7.0,2.0,12.0,,
MINBAR-excluded OOF (v7b1),H-LR,unknown,obs_balanced_accuracy,0.6263736263736264,0.4318181818181818,0.8541666666666667,1800,33.0,7.0,2.0,12.0,,
MINBAR-excluded OOF (v7b1),H-LR,soft-like - hard-like,obs_AUC,0.38890352338902867,0.15973960439693716,0.5919955021082284,2000,,,,,descriptive,True
MINBAR-excluded OOF (v7b1),H-LR,soft-like - hard-like,obs_balanced_accuracy,0.39030576256151706,0.19295236280280126,0.5884668262690865,2000,,,,,descriptive,True
MINBAR-excluded OOF (v7b1) | overlap box (2e),H-LR,inside overlap box,obs_AUC,0.580335731414868,0.38092411129389886,0.7922502672187458,2000,196.0,57.0,7.0,19.0,,
MINBAR-excluded OOF (v7b1) | overlap box (2e),H-LR,inside overlap box,obs_balanced_accuracy,0.5799570869620094,0.3782417309971955,0.7657838698859826,2000,196.0,57.0,7.0,19.0,,
MINBAR-excluded OOF (v7b1) | overlap box (2e),H-LR,outside overlap box,obs_AUC,0.9558982683982684,0.8561483092812676,1.0,2000,202.0,48.0,5.0,18.0,,
MINBAR-excluded OOF (v7b1) | overlap box (2e),H-LR,outside overlap box,obs_balanced_accuracy,0.9277597402597403,0.7939808455433455,1.0,2000,202.0,48.0,5.0,18.0,,
MINBAR-excluded OOF (v7b1),H-RF,hard-like,obs_AUC,0.651685393258427,0.4701731210362589,0.8049812706023374,2000,148.0,59.0,7.0,17.0,,
MINBAR-excluded OOF (v7b1),H-RF,hard-like,obs_balanced_accuracy,0.5882689011616835,0.4455625258306347,0.7345061609549479,2000,148.0,59.0,7.0,17.0,,
MINBAR-excluded OOF (v7b1),H-RF,intermediate,obs_AUC,0.2777777777777778,0.1111111111111111,0.5,1316,19.0,1.0,1.0,10.0,,
MINBAR-excluded OOF (v7b1),H-RF,intermediate,obs_balanced_accuracy,0.4444444444444444,0.35714285714285715,0.5,1316,19.0,1.0,1.0,10.0,,
MINBAR-excluded OOF (v7b1),H-RF,soft-like,obs_AUC,0.9470394736842105,0.7858764932983683,1.0,2000,198.0,38.0,5.0,21.0,,
MINBAR-excluded OOF (v7b1),H-RF,soft-like,obs_balanced_accuracy,0.9261513157894736,0.7922601555747623,0.9882885044642856,2000,198.0,38.0,5.0,21.0,,
MINBAR-excluded OOF (v7b1),H-RF,unknown,obs_AUC,0.7115384615384616,0.44757533955857387,0.9861249999999999,1800,33.0,7.0,2.0,12.0,,
MINBAR-excluded OOF (v7b1),H-RF,unknown,obs_balanced_accuracy,0.6373626373626373,0.3888440860215054,0.9615384615384616,1800,33.0,7.0,2.0,12.0,,
MINBAR-excluded OOF (v7b1),H-RF,soft-like - hard-like,obs_AUC,0.2953540804257835,0.15010480844007204,0.4333881591685823,2000,,,,,descriptive,True
MINBAR-excluded OOF (v7b1),H-RF,soft-like - hard-like,obs_balanced_accuracy,0.3378824146277901,0.18390154051778523,0.47133151984039423,2000,,,,,descriptive,True
MINBAR-excluded OOF (v7b1) | overlap box (2e),H-RF,inside overlap box,obs_AUC,0.6623753628676007,0.4902408538535338,0.8070978169595626,2000,196.0,57.0,7.0,19.0,,
MINBAR-excluded OOF (v7b1) | overlap box (2e),H-RF,inside overlap box,obs_balanced_accuracy,0.6062097690268837,0.458922748447205,0.7440491221741222,2000,196.0,57.0,7.0,19.0,,
MINBAR-excluded OOF (v7b1) | overlap box (2e),H-RF,outside overlap box,obs_AUC,0.9231601731601732,0.7701038083945234,1.0,2000,202.0,48.0,5.0,18.0,,
MINBAR-excluded OOF (v7b1) | overlap box (2e),H-RF,outside overlap box,obs_balanced_accuracy,0.8737824675324675,0.6757859381809649,0.9935494210090984,2000,202.0,48.0,5.0,18.0,,
MINBAR-excluded OOF (v7b1),B-LR,hard-like,obs_AUC,0.6122643306036946,0.29852656540264605,0.8833671966944024,2000,148.0,59.0,7.0,17.0,,
MINBAR-excluded OOF (v7b1),B-LR,hard-like,obs_balanced_accuracy,0.6000761759664826,0.3781404687801852,0.8007982821169439,2000,148.0,59.0,7.0,17.0,,
MINBAR-excluded OOF (v7b1),B-LR,intermediate,obs_AUC,0.16666666666666666,0.0,0.4,1316,19.0,1.0,1.0,10.0,,
MINBAR-excluded OOF (v7b1),B-LR,intermediate,obs_balanced_accuracy,0.3333333333333333,0.16666666666666666,0.5,1316,19.0,1.0,1.0,10.0,,
MINBAR-excluded OOF (v7b1),B-LR,soft-like,obs_AUC,0.9407894736842105,0.7369438000725478,1.0,2000,198.0,38.0,5.0,21.0,,
MINBAR-excluded OOF (v7b1),B-LR,soft-like,obs_balanced_accuracy,0.9355263157894737,0.8013846544715447,0.9915266139782899,2000,198.0,38.0,5.0,21.0,,
MINBAR-excluded OOF (v7b1),B-LR,unknown,obs_AUC,0.6483516483516484,0.2678139400921659,1.0,1800,33.0,7.0,2.0,12.0,,
MINBAR-excluded OOF (v7b1),B-LR,unknown,obs_balanced_accuracy,0.5989010989010989,0.3235294117647059,0.9394209956709956,1800,33.0,7.0,2.0,12.0,,
MINBAR-excluded OOF (v7b1),B-LR,soft-like - hard-like,obs_AUC,0.32852514308051595,0.09748241358678131,0.5851107843818888,2000,,,,,descriptive,True
MINBAR-excluded OOF (v7b1),B-LR,soft-like - hard-like,obs_balanced_accuracy,0.3354501398229911,0.14468022819782833,0.5224639240919504,2000,,,,,descriptive,True
MINBAR-excluded OOF (v7b1) | overlap box (2e),B-LR,inside overlap box,obs_AUC,0.6548024738104253,0.3725607442181042,0.8837548983615612,2000,196.0,57.0,7.0,19.0,,
MINBAR-excluded OOF (v7b1) | overlap box (2e),B-LR,inside overlap box,obs_balanced_accuracy,0.6359333585762968,0.42456265064165205,0.8255855025373298,2000,196.0,57.0,7.0,19.0,,
MINBAR-excluded OOF (v7b1) | overlap box (2e),B-LR,outside overlap box,obs_AUC,0.9292478354978355,0.7706776265136138,1.0,2000,202.0,48.0,5.0,18.0,,
MINBAR-excluded OOF (v7b1) | overlap box (2e),B-LR,outside overlap box,obs_balanced_accuracy,0.880275974025974,0.6843301034087256,0.9963553989428644,2000,202.0,48.0,5.0,18.0,,
MINBAR-excluded OOF (v7b1),B-RF,hard-like,obs_AUC,0.5934107788992573,0.33096029507693486,0.8398499809231382,2000,148.0,59.0,7.0,17.0,,
MINBAR-excluded OOF (v7b1),B-RF,hard-like,obs_balanced_accuracy,0.6557798514568653,0.506112612728018,0.8100786056049213,2000,148.0,59.0,7.0,17.0,,
MINBAR-excluded OOF (v7b1),B-RF,intermediate,obs_AUC,0.5,0.18518518518518517,0.9230769230769231,1316,19.0,1.0,1.0,10.0,,
MINBAR-excluded OOF (v7b1),B-RF,intermediate,obs_balanced_accuracy,0.4722222222222222,0.42857142857142855,0.5,1316,19.0,1.0,1.0,10.0,,
MINBAR-excluded OOF (v7b1),B-RF,soft-like,obs_AUC,0.94375,0.769956008918083,1.0,2000,198.0,38.0,5.0,21.0,,
MINBAR-excluded OOF (v7b1),B-RF,soft-like,obs_balanced_accuracy,0.9417763157894736,0.8056936131573562,1.0,2000,198.0,38.0,5.0,21.0,,
MINBAR-excluded OOF (v7b1),B-RF,unknown,obs_AUC,0.6043956043956044,0.265,0.9761904761904762,1800,33.0,7.0,2.0,12.0,,
MINBAR-excluded OOF (v7b1),B-RF,unknown,obs_balanced_accuracy,0.5659340659340659,0.375,0.8,1800,33.0,7.0,2.0,12.0,,
MINBAR-excluded OOF (v7b1),B-RF,soft-like - hard-like,obs_AUC,0.35033922110074267,0.11569440515444082,0.5873191997927265,2000,,,,,descriptive,True
MINBAR-excluded OOF (v7b1),B-RF,soft-like - hard-like,obs_balanced_accuracy,0.2859964643326083,0.13161485108643142,0.42792255835672977,2000,,,,,descriptive,True
MINBAR-excluded OOF (v7b1) | overlap box (2e),B-RF,inside overlap box,obs_AUC,0.6052000504859271,0.34127421212829717,0.8446195254961487,2000,196.0,57.0,7.0,19.0,,
MINBAR-excluded OOF (v7b1) | overlap box (2e),B-RF,inside overlap box,obs_balanced_accuracy,0.665341411081661,0.5288909351138293,0.8021896158276014,2000,196.0,57.0,7.0,19.0,,
MINBAR-excluded OOF (v7b1) | overlap box (2e),B-RF,outside overlap box,obs_AUC,0.9222132034632035,0.7640669673773249,1.0,2000,202.0,48.0,5.0,18.0,,
MINBAR-excluded OOF (v7b1) | overlap box (2e),B-RF,outside overlap box,obs_balanced_accuracy,0.8770292207792207,0.6785513026932085,0.9963553989428644,2000,202.0,48.0,5.0,18.0,,
