representation,model,metric,point,ci2_5,ci97_5,frac_first_better
A_intensity,LogReg,source_balanced_accuracy,0.8660714285714286,0.7023809523809523,0.9791666666666667,
A_intensity,LogReg,per_source_accuracy_class_balanced,0.7263888888888889,0.6084970238095236,0.8182539682539682,
A_intensity,LogReg,observation_balanced_accuracy,0.7236467236467237,0.6055505952380953,0.8168996743996744,
A_intensity,RandomForest,source_balanced_accuracy,0.6220238095238095,0.4583333333333333,0.7857142857142857,
A_intensity,RandomForest,per_source_accuracy_class_balanced,0.6077380952380952,0.5478075396825396,0.6624999999999999,
A_intensity,RandomForest,observation_balanced_accuracy,0.6063492063492063,0.5463980463980463,0.6611116198616199,
B_shape,LogReg,source_balanced_accuracy,0.7738095238095238,0.5684523809523809,0.9375,
B_shape,LogReg,per_source_accuracy_class_balanced,0.7628968253968254,0.5932539682539681,0.9045684523809523,
B_shape,LogReg,observation_balanced_accuracy,0.7607244607244608,0.5916045991045991,0.9026075605680869,
B_shape,RandomForest,source_balanced_accuracy,0.8571428571428572,0.6428571428571428,1.0,
B_shape,RandomForest,per_source_accuracy_class_balanced,0.7613095238095238,0.6210119047619047,0.8785714285714286,
B_shape,RandomForest,observation_balanced_accuracy,0.7605616605616605,0.6209851953601954,0.877205774853801,
HI_colours_intensity,LogReg,source_balanced_accuracy,0.7946428571428572,0.5892857142857143,0.9583333333333333,
HI_colours_intensity,LogReg,per_source_accuracy_class_balanced,0.7845238095238096,0.6739980158730159,0.8825496031746031,
HI_colours_intensity,LogReg,observation_balanced_accuracy,0.7821733821733822,0.6726116707366708,0.8807131075552128,
HI_colours_intensity,RandomForest,source_balanced_accuracy,0.8363095238095238,0.6428571428571428,1.0,
HI_colours_intensity,RandomForest,per_source_accuracy_class_balanced,0.7555555555555555,0.6092956349206348,0.8748065476190475,
HI_colours_intensity,RandomForest,observation_balanced_accuracy,0.7544159544159543,0.609092261904762,0.8736186151811152,
H_colours,LogReg,source_balanced_accuracy,0.7946428571428572,0.5892857142857143,0.9583333333333333,
H_colours,LogReg,per_source_accuracy_class_balanced,0.7760912698412699,0.6350148809523809,0.8927728174603174,
H_colours,LogReg,observation_balanced_accuracy,0.7755392755392756,0.6332905982905983,0.8926455026455027,
H_colours,RandomForest,source_balanced_accuracy,0.8571428571428572,0.6428571428571428,1.0,
H_colours,RandomForest,per_source_accuracy_class_balanced,0.7561507936507935,0.6071180555555555,0.8823511904761904,
H_colours,RandomForest,observation_balanced_accuracy,0.7549043549043549,0.605590686117002,0.8815750915750915,
B_shape_minus_A_intensity,LogReg,source_balanced_accuracy,-0.09226190476190477,-0.2678571428571428,0.02083333333333348,0.0675
B_shape_minus_A_intensity,LogReg,per_source_accuracy_class_balanced,0.03650793650793649,-0.091671626984127,0.13533730158730145,0.7405
B_shape_minus_A_intensity,LogReg,observation_balanced_accuracy,0.037077737077737094,-0.0916725172975172,0.1369878807378808,0.7435
B_shape_minus_H_colours,LogReg,source_balanced_accuracy,-0.02083333333333337,-0.0625,0.0,0.0
B_shape_minus_H_colours,LogReg,per_source_accuracy_class_balanced,-0.013194444444444509,-0.0745114087301588,0.03621279761904758,0.3375
B_shape_minus_H_colours,LogReg,observation_balanced_accuracy,-0.014814814814814836,-0.0761988304093568,0.034732270044769975,0.3195
A_intensity_minus_HI_colours_intensity,LogReg,source_balanced_accuracy,0.0714285714285714,-0.04166666666666674,0.23511904761904767,0.7805
A_intensity_minus_HI_colours_intensity,LogReg,per_source_accuracy_class_balanced,-0.05813492063492076,-0.13631448412698408,0.01726686507936521,0.064
A_intensity_minus_HI_colours_intensity,LogReg,observation_balanced_accuracy,-0.058526658526658504,-0.13651289682539688,0.01759330759330758,0.064
B_shape_minus_A_intensity,RandomForest,source_balanced_accuracy,0.23511904761904767,0.04166666666666674,0.4285714285714286,0.9865
B_shape_minus_A_intensity,RandomForest,per_source_accuracy_class_balanced,0.15357142857142858,0.029935515873015985,0.26984623015873005,0.994
B_shape_minus_A_intensity,RandomForest,observation_balanced_accuracy,0.15421245421245422,0.030021534692587264,0.2703720238095238,0.994
B_shape_minus_H_colours,RandomForest,source_balanced_accuracy,0.0,0.0,0.0,0.0
B_shape_minus_H_colours,RandomForest,per_source_accuracy_class_balanced,0.005158730158730251,-0.015476190476190314,0.02519841269841261,0.7015
B_shape_minus_H_colours,RandomForest,observation_balanced_accuracy,0.0056573056573056,-0.014880952380952332,0.02594115497076023,0.7115
A_intensity_minus_HI_colours_intensity,RandomForest,source_balanced_accuracy,-0.2142857142857143,-0.4077380952380952,-0.02083333333333326,0.0135
A_intensity_minus_HI_colours_intensity,RandomForest,per_source_accuracy_class_balanced,-0.14781746031746035,-0.2537748015873016,-0.02516865079365098,0.009
A_intensity_minus_HI_colours_intensity,RandomForest,observation_balanced_accuracy,-0.14806674806674802,-0.25378192409442407,-0.024370039682539795,0.009
