representation,model,n_obs,BH_recall,NS_recall,balanced_accuracy,mean_per_source_accuracy,min_per_source_accuracy,cm_BHtrue_BHpred,cm_BHtrue_NSpred,cm_NStrue_BHpred,cm_NStrue_NSpred
A_intensity,Dummy,456,0.0,1.0,0.5,0.7741935483870968,0.0,0,105,0,351
A_intensity,LogReg,456,0.6666666666666666,0.7806267806267806,0.7236467236467237,0.7591397849462366,0.06666666666666667,70,35,77,274
A_intensity,RandomForest,456,0.3238095238095238,0.8888888888888888,0.6063492063492063,0.7634408602150538,0.2,34,71,39,312
B_shape,Dummy,456,0.0,1.0,0.5,0.7741935483870968,0.0,0,105,0,351
B_shape,LogReg,456,0.6952380952380952,0.8262108262108262,0.7607244607244608,0.8000000000000002,0.06666666666666667,73,32,61,290
B_shape,RandomForest,456,0.580952380952381,0.9401709401709402,0.7605616605616605,0.860215053763441,0.06666666666666667,61,44,21,330
H_colours,Dummy,456,0.0,1.0,0.5,0.7741935483870968,0.0,0,105,0,351
H_colours,LogReg,456,0.7619047619047619,0.7891737891737892,0.7755392755392756,0.7838709677419355,0.0,80,25,74,277
H_colours,RandomForest,456,0.6095238095238096,0.9002849002849003,0.7549043549043549,0.8365591397849464,0.06666666666666667,64,41,35,316
HI_colours_intensity,Dummy,456,0.0,1.0,0.5,0.7741935483870968,0.0,0,105,0,351
HI_colours_intensity,LogReg,456,0.7523809523809524,0.811965811965812,0.7821733821733822,0.8021505376344086,0.06666666666666667,79,26,66,285
HI_colours_intensity,RandomForest,456,0.6,0.9088319088319088,0.7544159544159543,0.8408602150537634,0.06666666666666667,63,42,32,319
