name,label,rows,after_exposure,eligible,included
M33 X-7,BH,0,0,0,False
Cyg X-1,BH,142,97,97,True
LMC X-1,BH,14,11,11,True
SS 433,BH,11,10,10,True
LMC X-3,BH,162,72,72,True
SAX J1819.3-2525,BH,139,77,77,True
4U 1543-475,BH,196,90,90,True
GRO J1655-40,BH,0,0,0,False
GRO J0422+32,BH,0,0,0,False
GRS 1124-684,BH,2,0,0,False
GX 339-4,BH,438,234,234,True
GS 1354-64,BH,0,0,0,False
Swift J1727.8-1613,BH,129,81,81,True
XTE J1650-500,BH,0,0,0,False
GS 2023+338,BH,54,45,45,True
MAXI J1820+070,BH,375,201,201,True
XTE J1859+226,BH,15,2,2,False
GRS 1915+105,BH,790,519,519,True
V616 Mon,BH,0,0,0,False
MAXI J1305-704,BH,0,0,0,False
H 1705-250,BH,0,0,0,False
XTE J1550-564,BH,0,0,0,False
GS 2000+25,BH,0,0,0,False
GRS 1009-45,BH,0,0,0,False
XTE J1118+480,BH,0,0,0,False
1A 1742-289,NS,108,37,37,False
1A 1742-294,NS,0,0,0,False
1A 1744-361,NS,69,29,29,True
1H 1715-321,NS,0,0,0,False
1RXH J173523.7-354013,NS,0,0,0,False
1RXS J180408.9-342058,NS,0,0,0,False
2S 0918-549,NS,266,89,89,True
2S 1711-339,NS,0,0,0,False
2S 1803-245,NS,0,0,0,False
4U 0513-40,NS,25,11,11,True
4U 0614+09,NS,224,146,146,True
4U 0836-429,NS,9,6,6,True
4U 1246-588,NS,72,30,30,True
4U 1254-69,NS,238,55,55,True
4U 1323-62,NS,301,94,94,True
4U 1543-624,NS,38,16,16,True
4U 1608-522,NS,202,108,108,True
4U 1636-536,NS,175,66,66,True
4U 1702-429,NS,86,23,23,True
4U 1705-32,NS,27,18,18,True
4U 1705-44,NS,28,9,9,True
4U 1708-23,NS,0,0,0,False
4U 1708-40,NS,0,0,0,False
4U 1722-30,NS,23,13,13,True
4U 1728-34,NS,82,42,42,True
4U 1735-444,NS,21,11,11,True
4U 1746-37,NS,4,0,0,False
4U 1812-12,NS,61,35,35,True
4U 1820-303,NS,231,159,159,True
4U 1822-000,NS,0,0,0,False
4U 1850-086,NS,12,9,9,True
AX J1745.6-2901,NS,108,37,37,False
AX J1754.2-2754,NS,0,0,0,False
AX J1824.5-2451,NS,777,391,391,False
Aql X-1,NS,302,191,191,True
Cen X-4,NS,75,45,45,True
Cir X-1,NS,148,85,85,True
Cyg X-2,NS,140,81,81,True
EXO 0748-676,NS,88,38,38,True
EXO 1745-248,NS,38,24,24,False
EXO 1747-214,NS,0,0,0,False
GRS 1741.9-2853,NS,3,0,0,False
GRS 1747-312,NS,244,26,26,True
GS 1826-24,NS,55,31,31,True
GX 13+1,NS,29,27,27,True
GX 17+2,NS,49,28,28,True
GX 3+1,NS,14,7,7,True
HETE J1900.1-2455,NS,4,1,1,False
IGR J00291+5934,NS,0,0,0,False
IGR J17062-6143,NS,108,76,76,True
IGR J17191-2821,NS,0,0,0,False
IGR J17254-3257,NS,0,0,0,False
IGR J17380-3749,NS,43,32,32,True
IGR J17445-2747,NS,22,17,17,True
IGR J17464-2811,NS,0,0,0,False
IGR J17473-2721,NS,0,0,0,False
IGR J17480-2446,NS,38,24,24,False
IGR J17498-2921,NS,46,37,37,True
IGR J17511-3057,NS,9,4,4,False
IGR J17591-2342,NS,40,31,31,True
IGR J17597-2201,NS,0,0,0,False
IGR J18245-2452,NS,777,391,391,False
KS 1731-260,NS,0,0,0,False
KS 1741-293,NS,0,0,0,False
M15 X-2,NS,76,45,45,True
MAXI J1421-613,NS,0,0,0,False
MAXI J1621-501,NS,14,9,9,True
MAXI J1647-227,NS,0,0,0,False
MAXI J1807+132,NS,88,50,50,True
MXB 1658-298,NS,1,0,0,False
MXB 1730-335,NS,31,16,16,True
RX J1718.4-4029,NS,0,0,0,False
SAX J1324.5-6313,NS,0,0,0,False
SAX J1712.6-3739,NS,1,1,1,False
SAX J1747.0-2853,NS,31,22,22,True
SAX J1748.9-2021,NS,6,4,4,False
SAX J1750.8-2900,NS,9,6,6,True
SAX J1752.3-3138,NS,0,0,0,False
SAX J1753.5-2349,NS,0,0,0,False
SAX J1806.5-2215,NS,0,0,0,False
SAX J1808.4-3658,NS,136,92,92,True
SAX J1810.8-2609,NS,21,13,13,True
SAX J1818.7+1424,NS,0,0,0,False
SAX J1828.5-1037,NS,0,0,0,False
SAX J2224.9+5421,NS,0,0,0,False
SLX 1732-304,NS,29,14,14,True
SLX 1735-269,NS,5,4,4,False
SLX 1737-282,NS,0,0,0,False
SLX 1744-299,NS,0,0,0,False
SLX 1744-300,NS,0,0,0,False
Ser X-1,NS,38,24,24,True
Swift J1734.5-3027,NS,0,0,0,False
Swift J174805.3-244637,NS,38,24,24,False
Swift J1749.4-2807,NS,33,27,27,True
Swift J181723.1-164300,NS,4,0,0,False
Swift J185003.2-005627,NS,0,0,0,False
Swift J1858.6-0814,NS,197,123,123,True
Swift J1922.7-1716,NS,47,9,9,True
UW CrB,NS,3,2,2,False
XB 1832-330,NS,0,0,0,False
XB 1905+000,NS,0,0,0,False
XB 1916-053,NS,5,1,1,False
XB 1940-04,NS,0,0,0,False
XB 2129+47,NS,115,69,69,True
XMM J174457-2850.3,NS,0,0,0,False
XMMU J181227.8-181234,NS,21,10,10,True
XTE J1701-407,NS,10,7,7,True
XTE J1701-462,NS,75,38,38,True
XTE J1709-267,NS,29,12,12,True
XTE J1710-281,NS,1,0,0,False
XTE J1723-376,NS,0,0,0,False
XTE J1739-285,NS,123,87,87,True
XTE J1810-189,NS,36,17,17,True
XTE J1814-338,NS,0,0,0,False
XTE J2123-058,NS,0,0,0,False
